video_alias,split,num_frames,num_gt_positive_frames,num_no_gt_frames,no_gt_frame_total_fp,no_gt_frame_mean_background_prob
train_sanity_000,train_sanity,20,5,15,20819,0.21130049609479784
train_sanity_001,train_sanity,20,6,14,16542,0.20454613847149222
train_sanity_002,train_sanity,24,12,12,17502,0.2176643998655411
validation_000,validation,128,64,64,56336,0.20180423514742496
validation_001,validation,20,9,11,12762,0.20840138191131008
validation_002,validation,28,14,14,21803,0.22817789982643308
validation_003,validation,20,7,13,14258,0.21119798216537033
validation_004,validation,22,11,11,8777,0.16716621718323596
validation_005,validation,36,18,18,20769,0.21942243335466213
validation_006,validation,49,6,43,32128,0.19627086701867838
validation_007,validation,28,14,14,16967,0.21357311610348492
validation_008,validation,66,21,45,54056,0.2177140986569505
validation_009,validation,59,13,46,55606,0.21113239907474451
validation_010,validation,46,15,31,35814,0.19349624139579805
validation_011,validation,20,5,15,22127,0.20102357847876565
validation_012,validation,20,10,10,12471,0.20987412197331082
validation_013,validation,34,8,26,23816,0.1855637095546777
validation_014,validation,54,28,26,20842,0.19107973694012217
validation_015,validation,26,9,17,16587,0.21006629071002508
validation_016,validation,30,15,15,17463,0.19934773527591726
validation_017,validation,84,20,64,69912,0.19239323239149975
