video_alias,split,point_count,disagreement_rate,max_abs_prob_diff
train_sanity_000,train_sanity,188301,0.04469970950764999,0.0
train_sanity_001,train_sanity,210739,0.0504795030820114,0.0
train_sanity_002,train_sanity,233260,0.029533567692703423,0.0
validation_000,validation,1033155,0.09337514700117601,0.0
validation_001,validation,195362,0.0325498305709401,0.0
validation_002,validation,246663,0.04929803010585292,0.0
validation_003,validation,210499,0.04434225340737961,0.0
validation_004,validation,206983,0.07166772150369836,0.0
validation_005,validation,333152,0.0795462731726059,0.0
validation_006,validation,468949,0.07386091024823595,0.0
validation_007,validation,287327,0.053308599609504154,0.0
validation_008,validation,611107,0.11056656199323522,0.0
validation_009,validation,520656,0.11672966411603823,0.0
validation_010,validation,426816,0.054749587644324485,0.0
validation_011,validation,204088,0.034808513974364,0.0
validation_012,validation,218858,0.03764084474864981,0.0
validation_013,validation,321316,0.08424417084739011,0.0
validation_014,validation,531517,0.07084627584818548,0.0
validation_015,validation,269638,0.08357872406708253,0.0
validation_016,validation,296418,0.051623045833923714,0.0
validation_017,validation,815356,0.07131731415479864,0.0
