split,video_alias,mode,total_point_count,valid_point_count,valid_positive_count,valid_background_count,valid_ratio,valid_positive_ratio,valid_background_ratio,true_positive_count,false_positive_count,true_negative_count,false_negative_count,predicted_positive_count,predicted_background_count,precision,recall,f1,iou_femur,iou_background,mean_iou,false_positive_rate,false_negative_rate,ignore_point_count,ignore_predicted_positive_count,ignore_predicted_positive_ratio,ignore_mean_prob_femur
train_sanity,train_sanity_fixed_001,eval,260368,260156,3150,257006,0.9991857678362932,0.012108119743538492,0.9878918802564615,899,22392,234614,2251,23291,236865,0.03859860031771929,0.28539682539682537,0.0680004538406263,0.03519693054576775,0.9049476002576594,0.4700722654017136,0.08712637059056987,0.7146031746031746,212,61,0.28773584905660377,0.29306540000340287
train_sanity,train_sanity_fixed_001,train,260368,260156,3150,257006,0.9991857678362932,0.012108119743538492,0.9878918802564615,1726,37488,219518,1424,39214,220942,0.04401489264038354,0.5479365079365079,0.0814842791049004,0.04247256262611349,0.8494292458305924,0.445950904228353,0.1458642988879637,0.45206349206349206,212,111,0.5235849056603774,0.434398484838037
train_sanity,train_sanity_random_001,eval,297938,292604,3283,289321,0.9820969463445415,0.011219942311109897,0.9887800576888901,3,469,288852,3280,472,292132,0.006355932203389831,0.0009137983551629607,0.0015978695073235686,0.0007995735607675906,0.9871873301868415,0.4939934518738045,0.0016210368414321808,0.9990862016448371,5334,13,0.0024371953505811774,0.06899804212530096
train_sanity,train_sanity_random_001,train,297938,292604,3283,289321,0.9820969463445415,0.011219942311109897,0.9887800576888901,716,43391,245930,2567,44107,248497,0.01623325095789784,0.21809320743222663,0.030217345431525634,0.015340446501264086,0.8425491969522556,0.42894482172675985,0.14997528696499735,0.7819067925677734,5334,2178,0.40832395950506184,0.3826341569251868
train_sanity,train_sanity_random_002,eval,314111,310255,11293,298962,0.9877240847980491,0.03639909107024867,0.9636009089297514,1614,5923,293039,9679,7537,302718,0.21414355844500466,0.14292039316390684,0.17142857142857146,0.09375,0.9494493602599784,0.5215996801299891,0.019811882446598563,0.8570796068360932,3856,465,0.12059128630705394,0.20661078116719328
train_sanity,train_sanity_random_002,train,314111,310255,11293,298962,0.9877240847980491,0.03639909107024867,0.9636009089297514,8817,47497,251465,2476,56314,253941,0.15656852647654224,0.7807491366333127,0.26083097904063185,0.14997448545671033,0.8342179818072042,0.49209623363195726,0.15887303403108088,0.21925086336668734,3856,2892,0.75,0.5484765268779163
validation,validation_001,eval,1978148,1965502,19280,1946222,0.9936071517399102,0.009809198871331599,0.9901908011286684,0,4839,1941383,19280,4839,1960663,0.0,0.0,0.0,0.0,0.9877288346692092,0.4938644173346046,0.002486355616163007,1.0,12646,0,0.0,0.051574286232520826
validation,validation_001,train,1978148,1965502,19280,1946222,0.9936071517399102,0.009809198871331599,0.9901908011286684,12958,357678,1588544,6322,370636,1594866,0.03496152559384409,0.6720954356846474,0.06646559771848295,0.03437518238106102,0.8135765442417687,0.4239758633114149,0.1837806786687233,0.3279045643153527,12646,7762,0.6137909220306816,0.46593313659248936
validation,validation_002,eval,273814,272406,5308,267098,0.994857823193847,0.019485620727884113,0.9805143792721159,1239,16796,250302,4069,18035,254371,0.06869975048516773,0.23342125094197438,0.1061560210769824,0.05605320304017372,0.9230547964907234,0.48955399976544856,0.06288328628443493,0.7665787490580256,1408,420,0.29829545454545453,0.3299106096356726
validation,validation_002,train,273814,272406,5308,267098,0.994857823193847,0.019485620727884113,0.9805143792721159,3976,34610,232488,1332,38586,233820,0.10304255429430363,0.7490580256217031,0.1811637125803071,0.09960418858660254,0.8661028946093954,0.482853541597999,0.12957790773423986,0.2509419743782969,1408,890,0.6321022727272727,0.4623352160190486
validation,validation_003,eval,391658,390341,10634,379707,0.9966373724014319,0.02724284663922058,0.9727571533607794,0,140,379567,10634,140,390201,0.0,0.0,0.0,0.0,0.97239849260006,0.48619924630003,0.00036870534385723727,1.0,1317,0,0.0,0.07210669590863163
validation,validation_003,train,391658,390341,10634,379707,0.9966373724014319,0.02724284663922058,0.9727571533607794,5645,65378,314329,4989,71023,319318,0.079481294791828,0.5308444611623095,0.13826126357813784,0.07426458980161027,0.8170841391644311,0.44567436448302067,0.17218012836213187,0.4691555388376904,1317,543,0.4123006833712984,0.4124506071956663
validation,validation_004,eval,296161,293532,7276,286256,0.9911230715725569,0.024787757382500036,0.9752122426175,144,3352,282904,7132,3496,290036,0.041189931350114416,0.019791094007696537,0.026735982176011884,0.013549115543846444,0.9642657504737754,0.4889074330088109,0.011709798222570008,0.9802089059923035,2629,0,0.0,0.1518663223195196
validation,validation_004,train,296161,293532,7276,286256,0.9911230715725569,0.024787757382500036,0.9752122426175,2962,46147,240109,4314,49109,244423,0.060314809912643305,0.40709180868609124,0.10506340338742574,0.05544428429702562,0.8263378876002341,0.44089108594862986,0.16120884802414623,0.5929081913139087,2629,363,0.13807531380753138,0.3192255734099368
validation,validation_005,eval,286782,286428,5815,280613,0.9987656129045756,0.02030178613822671,0.9796982138617732,1200,30561,250052,4615,31761,254667,0.037782185699442715,0.2063628546861565,0.06387055567383436,0.03298878381350341,0.8766740993170375,0.4548314415652705,0.10890799784756942,0.7936371453138436,354,24,0.06779661016949153,0.321199678294992
validation,validation_005,train,286782,286428,5815,280613,0.9987656129045756,0.02030178613822671,0.9796982138617732,308,39664,240949,5507,39972,246456,0.00770539377564295,0.0529664660361135,0.013453600366916374,0.006772356472217946,0.8421256815322242,0.4244490190022211,0.14134769237348235,0.9470335339638865,354,0,0.0,0.1775676342053602
validation,validation_006,eval,548006,546182,10794,535388,0.9966715692893874,0.019762643221490274,0.9802373567785098,0,628,534760,10794,628,545554,0.0,0.0,0.0,0.0,0.9790875568949544,0.4895437784474772,0.001172981090349429,1.0,1824,0,0.0,0.09096926519353139
validation,validation_006,train,548006,546182,10794,535388,0.9966715692893874,0.019762643221490274,0.9802373567785098,271,82793,452595,10523,83064,463118,0.0032625445439660983,0.025106540670743006,0.0057746809009354555,0.002895701326038873,0.8290637118504665,0.4159797065882527,0.15464112008487302,0.974893459329257,1824,2,0.0010964912280701754,0.08469162145149567
validation,validation_007,eval,847402,846581,2297,844284,0.9990311564051064,0.0027132666572956396,0.9972867333427043,0,13234,831050,2297,13234,833347,0.0,0.0,0.0,0.0,0.9816544429889166,0.4908272214944583,0.01567482032112417,1.0,821,0,0.0,0.026141619087445316
validation,validation_007,train,847402,846581,2297,844284,0.9990311564051064,0.0027132666572956396,0.9972867333427043,680,112388,731896,1617,113068,733513,0.006014080022641243,0.29603831084022636,0.011788670740692585,0.0059292845620612985,0.8652265454231641,0.4355779149926127,0.13311634473707898,0.7039616891597736,821,183,0.22289890377588306,0.28856591077183397
validation,validation_008,eval,459203,459107,8988,450119,0.9997909421323466,0.019577135613266624,0.9804228643867334,758,18306,431813,8230,19064,440043,0.0397608057070919,0.08433466844681797,0.05404249251390275,0.02777167142961823,0.9421052516750337,0.48493846155232595,0.040669245244035465,0.915665331553182,96,0,0.0,0.07683767603399853
validation,validation_008,train,459203,459107,8988,450119,0.9997909421323466,0.019577135613266624,0.9804228643867334,468,59081,391038,8520,59549,399558,0.007859074039866328,0.0520694259012016,0.013656856880225278,0.00687537645624293,0.8526052080176347,0.4297402922369388,0.1312564010850464,0.9479305740987984,96,2,0.020833333333333332,0.18829250529718897
validation,validation_009,eval,1127709,1125379,12278,1113101,0.9979338641440301,0.010910102285541137,0.9890898977144589,153,34799,1078302,12125,34952,1090427,0.004377431906614786,0.012461312917413259,0.006478932881643025,0.003249994689551161,0.9582981552150412,0.4807740749522962,0.03126311089469869,0.9875386870825867,2330,24,0.010300429184549357,0.08903387465869984
validation,validation_009,train,1127709,1125379,12278,1113101,0.9979338641440301,0.010910102285541137,0.9890898977144589,4220,190295,922806,8058,194515,930864,0.021694984962599285,0.34370418634956834,0.0408137606205239,0.020831996366741865,0.8230821854884097,0.4219570909275758,0.17095932893780527,0.6562958136504317,2330,605,0.259656652360515,0.3394004162053214
validation,validation_010,eval,950371,948685,6450,942235,0.9982259559687743,0.006798884772079247,0.9932011152279208,0,53651,888584,6450,53651,895034,0.0,0.0,0.0,0.0,0.9366480971028318,0.4683240485514159,0.05694014762771495,1.0,1686,0,0.0,0.07015810361682202
validation,validation_010,train,950371,948685,6450,942235,0.9982259559687743,0.006798884772079247,0.9932011152279208,2648,148005,794230,3802,150653,798032,0.017576815596104956,0.41054263565891475,0.03371036835706511,0.017144152018387232,0.8395337603074721,0.42833895616292966,0.15707864810795608,0.5894573643410853,1686,728,0.431791221826809,0.37481087592484547
validation,validation_011,eval,954937,952496,9234,943262,0.9974438104293791,0.00969452890090877,0.9903054710990913,2511,35588,907674,6723,38099,914397,0.06590724165988608,0.2719298245614035,0.10609933872773752,0.05602159653741466,0.9554614020221371,0.5057414992797759,0.037728648032042,0.7280701754385965,2441,670,0.2744776730848013,0.26390997303015673
validation,validation_011,train,954937,952496,9234,943262,0.9974438104293791,0.00969452890090877,0.9903054710990913,3927,131590,811672,5307,135517,816979,0.02897791421002531,0.4252761533463288,0.05425869251335051,0.027885871726410272,0.8556805040012904,0.4417831878638503,0.13950524880680024,0.5747238466536713,2441,1019,0.417451863990168,0.37375015956271457
validation,validation_012,eval,384084,383548,4634,378914,0.9986044719384302,0.012081929771501873,0.9879180702284981,2295,64317,314597,2339,66612,316936,0.03445325166636642,0.4952524816573155,0.06442466945512731,0.0332845063885948,0.8251659659071535,0.42922523614787417,0.16974036324865271,0.5047475183426845,536,211,0.39365671641791045,0.40747663674792695
validation,validation_012,train,384084,383548,4634,378914,0.9986044719384302,0.012081929771501873,0.9879180702284981,3228,57093,321821,1406,60321,323227,0.05351370169592679,0.6965904186447993,0.09939188669078593,0.05229478186207008,0.8461847917543122,0.4492397868081911,0.15067535113508607,0.3034095813552007,536,237,0.44216417910447764,0.43287271985075254
validation,validation_013,eval,282077,281479,1696,279783,0.9978800114862254,0.006025316275814537,0.9939746837241855,426,5234,274549,1270,5660,275819,0.07526501766784452,0.2511792452830189,0.11582381729200653,0.06147186147186147,0.9768584573016478,0.5191651593867547,0.01870735534324816,0.7488207547169812,598,98,0.16387959866220736,0.23480999091309948
validation,validation_013,train,282077,281479,1696,279783,0.9978800114862254,0.006025316275814537,0.9939746837241855,1124,36317,243466,572,37441,244038,0.030020565690018965,0.6627358490566038,0.05743925185885479,0.029568831715465763,0.8684203955699025,0.4489946136426841,0.12980416966005798,0.33726415094339623,598,340,0.568561872909699,0.45419913575202725
validation,validation_014,eval,249229,248952,1778,247174,0.9988885723571495,0.007141939008322889,0.9928580609916771,0,160,247014,1778,160,248792,0.0,0.0,0.0,0.0,0.9922153668176998,0.4961076834088499,0.0006473172744706158,1.0,277,0,0.0,0.023275412255998985
validation,validation_014,train,249229,248952,1778,247174,0.9988885723571495,0.007141939008322889,0.9928580609916771,1618,35790,211384,160,37408,211544,0.04325278015397776,0.9100112485939258,0.08258051344868066,0.04306856899488927,0.854649987466341,0.44885927823061517,0.14479678283314587,0.08998875140607424,277,36,0.1299638989169675,0.3582281993722227
validation,validation_015,eval,545878,545718,4294,541424,0.9997068942144581,0.00786853283197549,0.9921314671680245,0,94,541330,4294,94,545624,0.0,0.0,0.0,0.0,0.9919592170315071,0.49597960851575357,0.00017361624161470491,1.0,160,0,0.0,0.03385137473815121
validation,validation_015,train,545878,545718,4294,541424,0.9997068942144581,0.00786853283197549,0.9921314671680245,449,72316,469108,3845,72765,472953,0.006170549027691885,0.10456450861667443,0.011653408427308946,0.005860853674455032,0.8603239868762024,0.4330924202753287,0.1335662992405213,0.8954354913833256,160,23,0.14375,0.30028026793152096
validation,validation_016,eval,651741,650938,8955,641983,0.998767915475626,0.013757070565860343,0.9862429294341396,2,19513,622470,8953,19515,631423,0.00010248526774276198,0.00022333891680625348,0.00014049877063575695,7.02543206407194e-05,0.9562691263042757,0.4781696903124582,0.030394885845886885,0.9997766610831937,803,0,0.0,0.05104973189333271
validation,validation_016,train,651741,650938,8955,641983,0.998767915475626,0.013757070565860343,0.9862429294341396,1490,106085,535898,7465,107575,543363,0.013850801766209621,0.16638749302065886,0.02557281386767356,0.01295201668984701,0.8251592121309174,0.4190556144103822,0.1652458086896382,0.8336125069793412,803,70,0.08717310087173101,0.14145483768627437
validation,validation_017,eval,460446,457952,3102,454850,0.9945835125074385,0.006773635664873175,0.9932263643351268,1420,23177,431673,1682,24597,433355,0.05773061755498638,0.4577691811734365,0.1025307772843785,0.05403554168727882,0.9455481762505148,0.49979185896889683,0.0509552599758162,0.5422308188265635,2494,975,0.3909382518043304,0.3637605837446211
validation,validation_017,train,460446,457952,3102,454850,0.9945835125074385,0.006773635664873175,0.9932263643351268,2489,63624,391226,613,66113,391839,0.0376476638482598,0.8023855577047067,0.07192082641046016,0.03730180139675689,0.8589632966893029,0.4481325490430299,0.13987908101571947,0.19761444229529335,2494,1820,0.7297514033680834,0.5330175852997537
validation,validation_018,eval,475411,471665,5922,465743,0.9921205020498053,0.012555521397602111,0.9874444786023979,843,18734,447009,5079,19577,452088,0.04306073453542422,0.14235055724417425,0.06612024000941213,0.03419046073977936,0.9494224993734363,0.4918064800566078,0.04022390030553331,0.8576494427558258,3746,236,0.06300053390282968,0.2147879903063027
validation,validation_018,train,475411,471665,5922,465743,0.9921205020498053,0.012555521397602111,0.9874444786023979,3213,68373,397370,2709,71586,400079,0.04488307769675635,0.5425531914893617,0.08290757083139805,0.04324651726226529,0.8482619350541785,0.44575422615822186,0.14680413876322349,0.4574468085106383,3746,999,0.26668446342765617,0.31287793750445586
