split,video_alias,gt_class,occurrence_count,disagreement_count,disagreement_rate,mean_abs_diff,max_abs_diff,p50_abs_diff,p90_abs_diff,p95_abs_diff,p99_abs_diff
train_sanity,train_sanity_fixed_001,valid_positive,3150,1083,0.3438095238095238,0.18772978310488045,0.6562858056277037,0.12806497514247894,0.4735857963562011,0.5411662261933088,0.6263423950225114
train_sanity,train_sanity_fixed_001,valid_background,257006,31526,0.12266639689345774,0.11677330369120953,0.6651578545570374,0.0615534707903862,0.3297879658639431,0.42294128611683846,0.5433529823087158
train_sanity,train_sanity_fixed_001,ignore,212,52,0.24528301886792453,0.16431857030487285,0.5296447612345219,0.09367309883236885,0.419143383204937,0.44547488018870346,0.513834010772407
train_sanity,train_sanity_fixed_001,all,260368,32661,0.12544168254163338,0.11767046657864255,0.6651578545570374,0.06211476679891348,0.33227121084928524,0.4259309314191341,0.5455636899173257
train_sanity,train_sanity_random_001,valid_positive,3283,713,0.21717940907706365,0.26447308020274196,0.6073090434074402,0.24110263213515282,0.48993321433663367,0.5202167177572845,0.5615122140944
train_sanity,train_sanity_random_001,valid_background,289321,43580,0.1506285406175148,0.16569580899188238,0.6988477800041437,0.0825999565422535,0.47352346405386925,0.5307144820690155,0.592825186252594
train_sanity,train_sanity_random_001,ignore,5334,2185,0.4096362954630671,0.32576337135227534,0.6379601862281561,0.36768538132309914,0.5786669434979558,0.5948770775459706,0.6104803192988039
train_sanity,train_sanity_random_001,all,297938,46478,0.1559988990998127,0.1696499409220678,0.6988477800041437,0.08721216022968292,0.47863508444279435,0.5341593641787764,0.5941875356063246
train_sanity,train_sanity_random_002,valid_positive,11293,7273,0.6440272735322766,0.31819748239162715,0.6622807718813419,0.3392137512564659,0.5393001273274421,0.5660332329571247,0.6166351526975632
train_sanity,train_sanity_random_002,valid_background,298962,45348,0.15168482951010495,0.12816349392353907,0.6773415505886078,0.046224385499954224,0.4278949331492186,0.5149584544822574,0.5844962619245054
train_sanity,train_sanity_random_002,ignore,3856,2491,0.6460062240663901,0.3455681255395443,0.6624796763062477,0.3769496064633131,0.5506932809948921,0.5994562329724431,0.6388054991140961
train_sanity,train_sanity_random_002,all,314111,55112,0.17545390005443937,0.13766448590179337,0.6773415505886078,0.05162108689546585,0.4485432058572769,0.5222388841211796,0.5883625261485578
validation,validation_001,valid_positive,19280,12958,0.6720954356846474,0.44770802183350145,0.660807304084301,0.4988565072417259,0.6009788766503334,0.6210579508915544,0.645641662608832
validation,validation_001,valid_background,1946222,358351,0.18412647683563335,0.1763498685892529,0.6937200035899878,0.07114177569746971,0.5295126052573323,0.5794757704949006,0.633037168206647
validation,validation_001,ignore,12646,7762,0.6137909220306816,0.4200881266035287,0.6631526863202453,0.48546846210956573,0.5955821154639125,0.6154477070085704,0.6550013423897326
validation,validation_001,all,1978148,379071,0.1916292410881289,0.1805528398560123,0.6937200035899878,0.07369677443057299,0.5327122403308749,0.5810464878566561,0.6339438156224787
validation,validation_002,valid_positive,5308,3275,0.6169932177844762,0.22499341724935945,0.6202164813876152,0.18713854253292084,0.4708108119666577,0.5215200323611497,0.5742653843387961
validation,validation_002,valid_background,267098,34868,0.13054384533017843,0.1261441106870209,0.6906349044293165,0.07594457548111677,0.34113769717514514,0.4436941854655742,0.5679008625820277
validation,validation_002,ignore,1408,596,0.42329545454545453,0.19191390173562634,0.6217207610607147,0.12053000926971436,0.4853596568107605,0.5155705243349074,0.5896276070922616
validation,validation_002,all,273814,38739,0.14147925233917916,0.128398546125053,0.6906349044293165,0.07783690840005875,0.3472696825861932,0.4485915552824736,0.568580341041088
validation,validation_003,valid_positive,10634,5645,0.5308444611623095,0.37926428064026774,0.6573762595653534,0.4319091681391001,0.5660159811377526,0.5970793562009931,0.6396328439936042
validation,validation_003,valid_background,379707,65384,0.17219593001972575,0.16215143365314436,0.6788522489368916,0.07235164195299149,0.4932573370635512,0.557642612233758,0.6103306281939149
validation,validation_003,ignore,1317,543,0.4123006833712984,0.3405239605638301,0.6442016623914242,0.3446630537509918,0.5592750787734986,0.5959158658981324,0.6307063454389572
validation,validation_003,all,391658,71572,0.18274106490867031,0.16864611685328948,0.6788522489368916,0.07681639865040779,0.5008236976340413,0.5598516845144331,0.6118935126625
validation,validation_004,valid_positive,7276,2830,0.38894997251236946,0.22988747444475882,0.616938766092062,0.19592512398958206,0.49230465292930603,0.5257464461028576,0.5617747642099857
validation,validation_004,valid_background,286256,45133,0.15766656419428762,0.13167187247119452,0.6563056781888008,0.0634654276072979,0.3798900172114372,0.4606581646949053,0.5529572468250991
validation,validation_004,ignore,2629,363,0.13807531380753138,0.17596561190969434,0.5781098902225494,0.14908916875720024,0.3625174850225455,0.4482300758361816,0.516810089945793
validation,validation_004,all,296161,48326,0.16317475967463643,0.1344779980614764,0.6563056781888008,0.06624064221978188,0.3839913308620453,0.46432197093963623,0.5534194186329844
validation,validation_005,valid_positive,5815,1080,0.18572656921754085,0.1706833804351368,0.532853826880455,0.1424044668674469,0.3603247433900833,0.41068424955010413,0.4695170706510542
validation,validation_005,valid_background,280613,33691,0.12006214965094275,0.12504187436056993,0.6659474596381187,0.07482162117958069,0.3355268679559231,0.41888445615768427,0.5137265682220459
validation,validation_005,ignore,354,24,0.06779661016949153,0.15970050270990127,0.46279820054769516,0.14500386267900467,0.3235945627093315,0.3558378785848617,0.4371087081730364
validation,validation_005,all,286782,34795,0.12132909317879086,0.12601011683136404,0.6659474596381187,0.0760072860866785,0.336182564496994,0.41861918810755017,0.5128918129391968
validation,validation_006,valid_positive,10794,271,0.025106540670743006,0.11065830093000359,0.6734701935201883,0.07119655422866344,0.27437307611107825,0.3363637752830984,0.4954964412003754
validation,validation_006,valid_background,535388,83053,0.15512674919871197,0.157719297723005,0.7185882143676281,0.08356218785047531,0.45432972721755505,0.5175969749456271,0.6007241927646101
validation,validation_006,ignore,1824,2,0.0010964912280701754,0.07957411199969468,0.4304785281419754,0.07681028638035059,0.16099184229969982,0.235168491117656,0.3451351428776979
validation,validation_006,all,548006,83326,0.1520530797108061,0.15653224280363737,0.7185882143676281,0.08310547936707735,0.4517085924744606,0.516140703111887,0.599906293675303
validation,validation_007,valid_positive,2297,680,0.29603831084022636,0.25867648872039634,0.6894341818988323,0.12564009241759777,0.5869281034916639,0.6124361164867878,0.6625217512995004
validation,validation_007,valid_background,844284,110298,0.13064087439771452,0.15813456319646754,0.6991635672748089,0.07599348947405815,0.47192221768200415,0.5369343171827494,0.6164271808974445
validation,validation_007,ignore,821,183,0.22289890377588306,0.26257597830886165,0.6814848463982344,0.23189027607440948,0.5701950825750828,0.60011200979352,0.6330310862511396
validation,validation_007,all,847402,111161,0.13117859056268452,0.15850828334904654,0.6991635672748089,0.07612519897520542,0.4727456569671632,0.5375767670571804,0.616919244993478
validation,validation_008,valid_positive,8988,990,0.11014686248331108,0.12793431589228624,0.5962718278169632,0.08633781783282757,0.3277967467904091,0.3976786096580324,0.5178884636797005
validation,validation_008,valid_background,450119,62271,0.1383434158522524,0.1582124507760761,0.7034665793180466,0.07683992199599743,0.47273399829864504,0.5374701341614126,0.61185027949512
validation,validation_008,ignore,96,2,0.020833333333333332,0.1152317535597831,0.42124512046575546,0.10633319616317749,0.2602420337498188,0.34373293071985245,0.3745203893631695
validation,validation_008,all,459203,63263,0.13776695709740572,0.1576108300913936,0.7034665793180466,0.07707556337118149,0.4705578057095408,0.5363049773499369,0.6112100935354828
validation,validation_009,valid_positive,12278,4153,0.33824727154259654,0.26474854377271934,0.6514500714838505,0.2406263593584299,0.5242096778005363,0.5548560941591859,0.5873773065023123
validation,validation_009,valid_background,1113101,205662,0.1847649045324728,0.1703269115472206,0.6786835324019194,0.08892971277236938,0.473975270986557,0.5293659418821335,0.5918917581439018
validation,validation_009,ignore,2330,601,0.25793991416309014,0.2555957544666951,0.6299718208611012,0.2513851970434189,0.5016996569931507,0.5449560385197398,0.586307432986796
validation,validation_009,all,1127709,210416,0.1865871426050515,0.17153110979736053,0.6786835324019194,0.09016327001154423,0.47501951344311244,0.5298890545964239,0.5918116147816178
validation,validation_010,valid_positive,6450,2648,0.41054263565891475,0.2843924047848455,0.6397108323872089,0.3053203225135803,0.5337694153189659,0.566432988271117,0.5933942175097767
validation,validation_010,valid_background,942235,143452,0.15224652024176558,0.13403235185964782,0.685073000844568,0.06597552448511124,0.38883830755949017,0.4786103069782253,0.5731586041301494
validation,validation_010,ignore,1686,728,0.431791221826809,0.3229207553859902,0.6440714579075575,0.37572187185287476,0.5333759784698486,0.5699273599311709,0.6049074472859503
validation,validation_010,all,950371,146828,0.15449545493286307,0.1353879153077254,0.685073000844568,0.06663142144680023,0.3925839066505432,0.4818767923861742,0.574029096402228
validation,validation_011,valid_positive,9234,3444,0.3729694606887589,0.24205616233952687,0.6092037595808506,0.21567874122411013,0.4815014079213143,0.5180012498050929,0.5725102993287147
validation,validation_011,valid_background,943262,137724,0.14600821404869485,0.14501384629116162,0.6883184686303139,0.08099643606692553,0.40731409788131717,0.4756169829517603,0.561016552336514
validation,validation_011,ignore,2441,707,0.2896353953297829,0.20229219111344185,0.6090278346091509,0.1395222246646881,0.48476215451955795,0.5178605318069458,0.5866212785243988
validation,validation_011,all,954937,141875,0.14857001037764794,0.14609863532551864,0.6883184686303139,0.08183906972408295,0.4091321364045144,0.4767588898539542,0.5614337908476592
validation,validation_012,valid_positive,4634,2319,0.5004315925766076,0.15374961214113528,0.5983329117298126,0.12122534215450287,0.3309995859861373,0.4430010050535201,0.5580122935771943
validation,validation_012,valid_background,378914,82316,0.21724190713460045,0.16938988798809074,0.6789961531758308,0.11021092906594276,0.4291127495467663,0.4974300570785999,0.5829634908773004
validation,validation_012,ignore,536,258,0.48134328358208955,0.22888513012622386,0.5988123118877411,0.21385323256254196,0.4763087034225464,0.5570967309176922,0.586935974471271
validation,validation_012,all,384084,84893,0.22102717113964654,0.16928421425919613,0.6789961531758308,0.11052945256233215,0.4284905076026917,0.4970872357487678,0.5826788396015763
validation,validation_013,valid_positive,1696,714,0.4209905660377358,0.22312382152216192,0.5743282362818718,0.20587582886219025,0.43400315940380096,0.4915727525949478,0.5373912382870912
validation,validation_013,valid_background,279783,32879,0.11751607495809252,0.13577304180382135,0.6480479501187801,0.0664865393191576,0.39958152920007706,0.4816731564700602,0.5576571788638828
validation,validation_013,ignore,598,244,0.4080267558528428,0.2210291206531451,0.5969214588403702,0.17660539783537388,0.48014714717865,0.5402834508568048,0.5613383009284735
validation,validation_013,all,282077,33837,0.1199566075929622,0.13647898400242034,0.6480479501187801,0.06726297736167908,0.4004153370857238,0.48186456188559534,0.5575230346620081
validation,validation_014,valid_positive,1778,1618,0.9100112485939258,0.5353401203213429,0.6379320081323385,0.5465876655653119,0.5851356033235788,0.5949276599101723,0.6082478776201606
validation,validation_014,valid_background,247174,35648,0.1442222887520532,0.1725427743001289,0.6977637801319361,0.08039463311433792,0.5091966858133674,0.565300861466676,0.6350333850085732
validation,validation_014,ignore,277,36,0.1299638989169675,0.3349527871162237,0.5985879711806774,0.33480315655469894,0.49603361934423446,0.5184020698070526,0.5661855696141721
validation,validation_014,all,249229,37302,0.14966958098776628,0.1753114780014469,0.6977637801319361,0.08169986866414547,0.5151877492666246,0.5668286275118589,0.6347460408508778
validation,validation_015,valid_positive,4294,449,0.10456450861667443,0.2257020659937771,0.6018925178796053,0.20254963357001543,0.4676769046112895,0.5129227606579662,0.5647361405938863
validation,validation_015,valid_background,541424,72222,0.13339268299890658,0.16261783021132906,0.7181605957448483,0.08188780024647713,0.4612244108691812,0.5324801787734031,0.6096359350578859
validation,validation_015,ignore,160,23,0.14375,0.26778312962851486,0.5785789974033833,0.24332292191684246,0.4849839275702834,0.5003795919008552,0.5300403981655836
validation,validation_015,all,545878,72694,0.13316894983860864,0.1631448896574994,0.7181605957448483,0.08255018666386604,0.461377539485693,0.5322977835312486,0.6093131452798842
validation,validation_016,valid_positive,8955,1492,0.1666108319374651,0.18800664462881306,0.6465338096022606,0.12649444118142128,0.4538077145814896,0.48113813307136294,0.528742158003151
validation,validation_016,valid_background,641983,108432,0.1689016687357765,0.14902143097365023,0.6781456489115953,0.07983419299125671,0.42630434334278117,0.4889194756746293,0.5645296725258238
validation,validation_016,ignore,803,70,0.08717310087173101,0.1071953412590741,0.6273718550801277,0.0483343917876482,0.3964350014925004,0.4552016645669937,0.5840729800611735
validation,validation_016,all,651741,109994,0.16876949585801723,0.14950555923662767,0.6781456489115953,0.08071403950452805,0.4271017089486122,0.48865361139178276,0.5642129316926002
validation,validation_017,valid_positive,3102,1753,0.5651192778852353,0.21359372617098005,0.5822426229715347,0.14074019342660904,0.49612681884318593,0.5073903435841203,0.5246709486842154
validation,validation_017,valid_background,454850,66613,0.14645047817961965,0.13041760478240902,0.6594243124127388,0.06306332629173994,0.38185949362814425,0.47800175314769144,0.5746088173426688
validation,validation_017,ignore,2494,1463,0.5866078588612671,0.2229070660311642,0.5959598198533058,0.16846780478954315,0.48856375049799683,0.5003785849548876,0.5605872289836411
validation,validation_017,all,460446,69829,0.15165513436971978,0.13147892586002016,0.6594243124127388,0.06387482769787312,0.3854519836604595,0.48011201340705156,0.5742189054377377
validation,validation_018,valid_positive,5922,2796,0.47213779128672745,0.2137092491004796,0.5982216745615005,0.19677074812352657,0.4182147324085236,0.46075828224420545,0.5545847487449646
validation,validation_018,valid_background,465743,66747,0.14331294297498834,0.12120857451030324,0.6618319116532803,0.059941768646240234,0.34620000794529915,0.447893618047237,0.5558750908076764
validation,validation_018,ignore,3746,889,0.23731980779498132,0.17498782097157617,0.5892978794872761,0.1299552321434021,0.41559574007987976,0.45383692998439074,0.5519467053934933
validation,validation_018,all,475411,70432,0.14814970625416746,0.1227845709684562,0.6618319116532803,0.061464183032512665,0.3497162461280823,0.4484602361917496,0.5558258261531591
