module_name,num_features,running_mean_finite,running_mean_min,running_mean_max,running_var_finite,running_var_min,running_var_max,running_var_negative_count,num_batches_tracked
pointnext.encoder.encoder.1.0.convs.0.1,32,True,-2.1683645248413086,3.314218521118164,True,0.05193433165550232,3.3771979808807373,0,16859
pointnext.encoder.encoder.1.0.convs.1.1,64,True,-9.898200988769531,3.0938844680786133,True,1.2623142004013062,62.24320602416992,0,16859
pointnext.encoder.encoder.2.0.convs.0.1,64,True,-8.419559478759766,4.809889793395996,True,0.3861268162727356,8.375384330749512,0,16859
pointnext.encoder.encoder.2.0.convs.1.1,128,True,-11.378893852233887,4.457395553588867,True,0.7448225617408752,44.3375244140625,0,16859
pointnext.encoder.encoder.3.0.convs.0.1,128,True,-35.311832427978516,24.135007858276367,True,5.226497650146484,48.29094314575195,0,16859
pointnext.encoder.encoder.3.0.convs.1.1,256,True,-12.86285400390625,7.292941093444824,True,0.3373599946498871,65.71051788330078,0,16859
pointnext.encoder.encoder.4.0.convs.0.1,256,True,-63.134490966796875,37.62014389038086,True,8.132326126098633,230.44541931152344,0,16859
pointnext.encoder.encoder.4.0.convs.1.1,512,True,-14.855636596679688,9.565535545349121,True,0.2189011126756668,159.0841827392578,0,16859
pointnext.decoder.decoder.0.0.convs.0.1,32,True,-4.49824333190918,3.0736799240112305,True,3.448441743850708,41.49396896362305,0,16859
pointnext.decoder.decoder.0.0.convs.1.1,32,True,-3.130545139312744,3.2407755851745605,True,2.3784425258636475,20.519901275634766,0,16859
pointnext.decoder.decoder.1.0.convs.0.1,64,True,-8.252336502075195,7.521444797515869,True,3.397845983505249,23.93830680847168,0,16859
pointnext.decoder.decoder.1.0.convs.1.1,64,True,-4.585711479187012,2.1148507595062256,True,4.106748104095459,34.4581298828125,0,16859
pointnext.decoder.decoder.2.0.convs.0.1,128,True,-27.88214111328125,16.705238342285156,True,15.708613395690918,78.10030364990234,0,16859
pointnext.decoder.decoder.2.0.convs.1.1,128,True,-8.432853698730469,0.8420306444168091,True,10.631800651550293,42.595333099365234,0,16859
pointnext.decoder.decoder.3.0.convs.0.1,256,True,-304.3765563964844,195.04733276367188,True,436.5704345703125,3695.96826171875,0,16859
pointnext.decoder.decoder.3.0.convs.1.1,256,True,-14.199742317199707,-0.6013813614845276,True,22.963014602661133,102.19061279296875,0,16859
pointnext.head.head.0.1,32,True,-4.541932582855225,0.21030698716640472,True,3.4373779296875,11.888151168823242,0,16859
