module_name,num_features,running_mean_abs_diff_mean,running_mean_abs_diff_max,running_var_abs_diff_mean,running_var_abs_diff_max,recalibrated_running_mean_finite,recalibrated_running_var_finite,recalibrated_running_var_negative_count,original_num_batches_tracked,recalibrated_num_batches_tracked
pointnext.decoder.decoder.0.0.convs.0.1,32,0.142924502491951,0.35984158515930176,1.3913700580596924,5.5378875732421875,True,True,0,16859,729
pointnext.decoder.decoder.0.0.convs.1.1,32,0.013109588995575905,0.03426182270050049,0.19671306014060974,1.1339874267578125,True,True,0,16859,729
pointnext.decoder.decoder.1.0.convs.0.1,64,0.053507305681705475,0.16749095916748047,0.3180786073207855,1.1700725555419922,True,True,0,16859,729
pointnext.decoder.decoder.1.0.convs.1.1,64,0.014361025765538216,0.04545591026544571,0.43118682503700256,2.0840892791748047,True,True,0,16859,729
pointnext.decoder.decoder.2.0.convs.0.1,128,0.19906729459762573,0.809906005859375,1.6112887859344482,7.985481262207031,True,True,0,16859,729
pointnext.decoder.decoder.2.0.convs.1.1,128,0.026189934462308884,0.08990812301635742,0.856167197227478,3.262807846069336,True,True,0,16859,729
pointnext.decoder.decoder.3.0.convs.0.1,256,3.269955635070801,12.26080322265625,117.41732788085938,469.8885498046875,True,True,0,16859,729
pointnext.decoder.decoder.3.0.convs.1.1,256,0.05398786813020706,0.203399658203125,3.1536474227905273,15.550941467285156,True,True,0,16859,729
pointnext.encoder.encoder.1.0.convs.0.1,32,0.02100476622581482,0.1152658462524414,0.0296226404607296,0.2075798511505127,True,True,0,16859,729
pointnext.encoder.encoder.1.0.convs.1.1,64,0.009567717090249062,0.03762626647949219,0.32918113470077515,2.780569076538086,True,True,0,16859,729
pointnext.encoder.encoder.2.0.convs.0.1,64,0.04884243756532669,0.1770179271697998,0.11601771414279938,1.1183552742004395,True,True,0,16859,729
pointnext.encoder.encoder.2.0.convs.1.1,128,0.028650784865021706,0.10081064701080322,0.4348539710044861,3.312469482421875,True,True,0,16859,729
pointnext.encoder.encoder.3.0.convs.0.1,128,0.29605433344841003,0.8021440505981445,0.9734506607055664,7.0287933349609375,True,True,0,16859,729
pointnext.encoder.encoder.3.0.convs.1.1,256,0.028304610401391983,0.12997937202453613,0.7605414390563965,8.18887710571289,True,True,0,16859,729
pointnext.encoder.encoder.4.0.convs.0.1,256,0.4363582730293274,1.5483760833740234,5.395284652709961,43.70362854003906,True,True,0,16859,729
pointnext.encoder.encoder.4.0.convs.1.1,512,0.04713758826255798,0.25177764892578125,1.6420996189117432,22.485626220703125,True,True,0,16859,729
pointnext.head.head.0.1,32,0.014026056975126266,0.03700423240661621,0.14282658696174622,0.41926002502441406,True,True,0,16859,729
