split,video_alias,model,total_point_count,valid_point_count,valid_positive_count,valid_background_count,valid_ratio,valid_positive_ratio,valid_background_ratio,true_positive_count,false_positive_count,true_negative_count,false_negative_count,predicted_positive_count,predicted_background_count,precision,recall,f1,iou_femur,iou_background,mean_iou,false_positive_rate,false_negative_rate,ignore_point_count,ignore_predicted_positive_count,ignore_predicted_positive_ratio,ignore_mean_prob_femur
train_sanity,train_sanity_fixed_001,original,188301,188195,1661,186534,0.9994370714972305,0.008825951805308324,0.9911740481946917,217,12944,173590,1444,13161,175034,0.01648810880632171,0.13064419024683926,0.029280798812575903,0.01485792536802465,0.9234591281958527,0.4691585267819387,0.06939217515305521,0.8693558097531607,106,0,0.0,0.2930653988963591
train_sanity,train_sanity_fixed_001,recalibrated,188301,188195,1661,186534,0.9994370714972305,0.008825951805308324,0.9911740481946917,298,12320,174214,1363,12618,175577,0.02361705500079252,0.1794099939795304,0.041739617620281534,0.02131464129890566,0.9271781880498358,0.47424641467437073,0.06604694050414402,0.8205900060204696,106,0,0.0,0.2974716334972741
train_sanity,train_sanity_random_001,original,210739,207860,1859,206001,0.986338551478369,0.008943519676705475,0.9910564803232945,0,264,205737,1859,264,207596,0.0,0.0,0.0,0.0,0.9897863946887328,0.4948931973443664,0.0012815471769554517,1.0,2879,0,0.0,0.06877094040682702
train_sanity,train_sanity_random_001,recalibrated,210739,207860,1859,206001,0.986338551478369,0.008943519676705475,0.9910564803232945,0,675,205326,1859,675,207185,0.0,0.0,0.0,0.0,0.987809102280381,0.4939045511401905,0.0032766831228974616,1.0,2879,0,0.0,0.05995531858615616
train_sanity,train_sanity_random_002,original,233260,231279,6236,225043,0.991507330875418,0.026963105167351988,0.973036894832648,190,3394,221649,6046,3584,227695,0.053013392857142856,0.030468248877485567,0.038696537678207736,0.01973001038421599,0.9591499379027129,0.4894399741434644,0.015081562190336958,0.9695317511225144,1981,2,0.0010095911155981827,0.20836874952841625
train_sanity,train_sanity_random_002,recalibrated,233260,231279,6236,225043,0.991507330875418,0.026963105167351988,0.973036894832648,0,336,224707,6236,336,230943,0.0,0.0,0.0,0.0,0.9715841040474924,0.4857920520237462,0.0014930479952720147,1.0,1981,0,0.0,0.1150429666828381
validation,validation_001,original,1033155,1026832,9640,1017192,0.9938799115331194,0.009388098539975381,0.9906119014600246,0,501,1016691,9640,501,1026331,0.0,0.0,0.0,0.0,0.990123993019306,0.495061996509653,0.0004925323832668759,1.0,6323,0,0.0,0.05157428626050616
validation,validation_001,recalibrated,1033155,1026832,9640,1017192,0.9938799115331194,0.009388098539975381,0.9906119014600246,0,0,1017192,9640,0,1026832,0.0,0.0,0.0,0.0,0.9906119014600246,0.4953059507300123,0.0,1.0,6323,0,0.0,0.04924689839494939
validation,validation_002,original,195362,194526,3105,191421,0.9957207645294377,0.015961876561487925,0.984038123438512,498,11118,180303,2607,11616,182910,0.042871900826446284,0.1603864734299517,0.06765844711636437,0.03501371018772411,0.9292627868142742,0.4821382485009992,0.05808140172708324,0.8396135265700483,836,147,0.17583732057416268,0.33866319038936393
validation,validation_002,recalibrated,195362,194526,3105,191421,0.9957207645294377,0.015961876561487925,0.984038123438512,380,6674,184747,2725,7054,187472,0.053870144598809185,0.12238325281803543,0.07481051284575253,0.03885877901625933,0.9515879801798647,0.495223379598062,0.0348655581153583,0.8776167471819646,836,74,0.08851674641148326,0.2308047275197064
validation,validation_003,original,246663,245976,5483,240493,0.997214823463592,0.022290792597651803,0.9777092074023482,0,56,240437,5483,56,245920,0.0,0.0,0.0,0.0,0.9774815429147559,0.48874077145737793,0.0002328550103329411,1.0,687,0,0.0,0.07033593527256922
validation,validation_003,recalibrated,246663,245976,5483,240493,0.997214823463592,0.022290792597651803,0.9777092074023482,0,0,240493,5483,0,245976,0.0,0.0,0.0,0.0,0.9777092074023482,0.4888546037011741,0.0,1.0,687,0,0.0,0.06621941275287317
validation,validation_004,original,210499,209181,4307,204874,0.9937386875947154,0.02058982412360587,0.9794101758763941,59,1160,203714,4248,1219,207962,0.04840032813781788,0.0136986301369863,0.021353601158161418,0.010792024876531919,0.9741394975181952,0.49246576119736357,0.0056620166541386414,0.9863013698630136,1318,0,0.0,0.1517476784588263
validation,validation_004,recalibrated,210499,209181,4307,204874,0.9937386875947154,0.02058982412360587,0.9794101758763941,0,1400,203474,4307,1400,207781,0.0,0.0,0.0,0.0,0.9727174074127192,0.4863587037063596,0.006833468375684567,1.0,1318,0,0.0,0.215618287915525
validation,validation_005,original,206983,206705,3507,203198,0.9986568945275699,0.016966207880796304,0.9830337921192037,627,11381,191817,2880,12008,194697,0.05221518987341772,0.1787852865697177,0.0808250080567193,0.042114454594304136,0.930798047341298,0.4864562509678011,0.05600940954143249,0.8212147134302823,278,19,0.0683453237410072,0.32492669571271476
validation,validation_005,recalibrated,206983,206705,3507,203198,0.9986568945275699,0.016966207880796304,0.9830337921192037,258,9852,193346,3249,10110,196595,0.025519287833827894,0.07356715141146279,0.03789380920907689,0.01931282281607905,0.936540613329329,0.47792671807270404,0.04848472918040532,0.9264328485885372,278,0,0.0,0.12592819085840484
validation,validation_006,original,333152,332240,5397,326843,0.9972625108058784,0.01624428124247532,0.9837557187575247,0,146,326697,5397,146,332094,0.0,0.0,0.0,0.0,0.9833162773898386,0.4916581386949193,0.00044669764994202107,1.0,912,0,0.0,0.09096926507098894
validation,validation_006,recalibrated,333152,332240,5397,326843,0.9972625108058784,0.01624428124247532,0.9837557187575247,0,1028,325815,5397,1028,331212,0.0,0.0,0.0,0.0,0.9806615699494341,0.49033078497471705,0.003145240987262998,1.0,912,0,0.0,0.10295027478908499
validation,validation_007,original,468949,468128,2297,465831,0.9982492765737853,0.00490677763346777,0.9950932223665322,0,79,465752,2297,79,468049,0.0,0.0,0.0,0.0,0.9949244651035615,0.49746223255178074,0.0001695894004478019,1.0,821,0,0.0,0.026141619087445316
validation,validation_007,recalibrated,468949,468128,2297,465831,0.9982492765737853,0.00490677763346777,0.9950932223665322,0,376,465455,2297,376,467752,0.0,0.0,0.0,0.0,0.9942900232415066,0.4971450116207533,0.0008071596780806773,1.0,821,0,0.0,0.035517439863278134
validation,validation_008,original,287327,287279,4596,282683,0.999832942953499,0.0159983848453942,0.9840016151546058,0,6064,276619,4596,6064,281215,0.0,0.0,0.0,0.0,0.9628932153063746,0.4814466076531873,0.02145159065101191,1.0,48,0,0.0,0.07683767611160874
validation,validation_008,recalibrated,287327,287279,4596,282683,0.999832942953499,0.0159983848453942,0.9840016151546058,0,2863,279820,4596,2863,284416,0.0,0.0,0.0,0.0,0.9740356935244135,0.4870178467622068,0.010127952512177952,1.0,48,0,0.0,0.06676858155212055
validation,validation_009,original,611107,609942,6139,603803,0.998093623538922,0.010064891415905119,0.9899351085840948,0,2731,601072,6139,2731,607211,0.0,0.0,0.0,0.0,0.9854576336766446,0.4927288168383223,0.004522998395171935,1.0,1165,0,0.0,0.08903387464710827
validation,validation_009,recalibrated,611107,609942,6139,603803,0.998093623538922,0.010064891415905119,0.9899351085840948,0,5089,598714,6139,5089,604853,0.0,0.0,0.0,0.0,0.981591692324844,0.490795846162422,0.008428245636407901,1.0,1165,0,0.0,0.09515768456484627
validation,validation_010,original,520656,519813,3225,516588,0.9983808887249931,0.006204154186216966,0.993795845813783,0,8189,508399,3225,8189,511624,0.0,0.0,0.0,0.0,0.9780421036026418,0.4890210518013209,0.015852091028053305,1.0,843,0,0.0,0.07015810365990811
validation,validation_010,recalibrated,520656,519813,3225,516588,0.9983808887249931,0.006204154186216966,0.993795845813783,0,5012,511576,3225,5012,514801,0.0,0.0,0.0,0.0,0.984153916889343,0.4920769584446715,0.009702122387666767,1.0,843,0,0.0,0.06249437218450213
validation,validation_011,original,528831,527586,4758,522828,0.9976457507218752,0.009018434909190161,0.9909815650908098,34,1100,521728,4724,1134,526452,0.029982363315696647,0.007145859604875998,0.011541072640868974,0.005804028678729942,0.9889603299769502,0.49738217932784007,0.002103942405532986,0.992854140395124,1245,52,0.04176706827309237,0.2602212330049659
validation,validation_011,recalibrated,528831,527586,4758,522828,0.9976457507218752,0.009018434909190161,0.9909815650908098,1048,2307,520521,3710,3355,524231,0.31236959761549926,0.22026061370323666,0.25835079502033775,0.1483368719037509,0.9885725246800801,0.5684546982919154,0.004412541026876908,0.7797393862967633,1245,276,0.2216867469879518,0.3110317620138327
validation,validation_012,original,236524,236206,2582,233624,0.9986555275574571,0.010931136380955607,0.9890688636190444,1035,17955,215669,1547,18990,217216,0.054502369668246446,0.400852052672347,0.09595772297422585,0.05039684471928714,0.9170731085040247,0.48373497661165593,0.07685426154847105,0.599147947327653,318,67,0.21069182389937108,0.39940882626475777
validation,validation_012,recalibrated,236524,236206,2582,233624,0.9986555275574571,0.010931136380955607,0.9890688636190444,611,13727,219897,1971,14338,221868,0.04261403264053564,0.23663826491092177,0.07222222222222223,0.037463976945244955,0.933368704768777,0.48541634085701096,0.058756805807622506,0.7633617350890782,318,28,0.0880503144654088,0.2993957661326576
validation,validation_013,original,204088,203789,848,202941,0.9985349457096938,0.004161166696926723,0.9958388333030733,1,1459,201482,847,1460,202329,0.0006849315068493151,0.0011792452830188679,0.0008665511265164645,0.00043346337234503684,0.9886843189981745,0.4945588911852598,0.00718928161386807,0.9988207547169812,299,0,0.0,0.23480999153294294
validation,validation_013,recalibrated,204088,203789,848,202941,0.9985349457096938,0.004161166696926723,0.9958388333030733,149,3651,199290,699,3800,199989,0.03921052631578947,0.17570754716981132,0.06411359724612736,0.03311847077128251,0.9786387743076016,0.505878622539442,0.017990450426478632,0.8242924528301887,299,50,0.16722408026755853,0.3046474196265972
validation,validation_014,original,177685,177408,1778,175630,0.9984410614289332,0.01002209595959596,0.9899779040404041,0,41,175589,1778,41,177367,0.0,0.0,0.0,0.0,0.9897467983405484,0.4948733991702742,0.0002334453111655184,1.0,277,0,0.0,0.023275412255998985
validation,validation_014,recalibrated,177685,177408,1778,175630,0.9984410614289332,0.01002209595959596,0.9899779040404041,0,6,175624,1778,6,177402,0.0,0.0,0.0,0.0,0.9899440836940837,0.49497204184704185,3.4162728463246595e-05,1.0,277,0,0.0,0.04071267637077867
validation,validation_015,original,321316,321236,2147,319089,0.999751023914153,0.006683559750463834,0.9933164402495361,0,0,319089,2147,0,321236,0.0,0.0,0.0,0.0,0.9933164402495361,0.49665822012476807,0.0,1.0,80,0,0.0,0.033851374918594954
validation,validation_015,recalibrated,321316,321236,2147,319089,0.999751023914153,0.006683559750463834,0.9933164402495361,0,103,318986,2147,103,321133,0.0,0.0,0.0,0.0,0.9929958037081772,0.4964979018540886,0.00032279395403790167,1.0,80,0,0.0,0.03891571569256484
validation,validation_016,original,400564,400122,5069,395053,0.9988965558562427,0.01266863606599987,0.9873313639340001,0,6275,388778,5069,6275,393847,0.0,0.0,0.0,0.0,0.9716486471626155,0.4858243235813077,0.015883944685902904,1.0,442,0,0.0,0.05372422613304664
validation,validation_016,recalibrated,400564,400122,5069,395053,0.9988965558562427,0.01266863606599987,0.9873313639340001,31,9773,385280,5038,9804,390318,0.0031619747042023662,0.0061156046557506415,0.0041686277146507095,0.0020886672955127343,0.9629809218402814,0.48253479456789705,0.024738452815191887,0.9938843953442493,442,0,0.0,0.07128819199995352
validation,validation_017,original,296418,295133,1612,293521,0.9956649056400083,0.0054619442759704945,0.9945380557240295,410,9041,284480,1202,9451,285682,0.0433816527351603,0.2543424317617866,0.07412094368616108,0.038486811226884445,0.9652453320575591,0.5018660716422217,0.03080188470330913,0.7456575682382134,1285,174,0.13540856031128404,0.3604451321065426
validation,validation_017,recalibrated,296418,295133,1612,293521,0.9956649056400083,0.0054619442759704945,0.9945380557240295,327,7587,285934,1285,7914,287219,0.041319181197877176,0.20285359801488834,0.06865420953180769,0.035547342102402436,0.9699056328568618,0.5027264874796321,0.025848235731003914,0.7971464019851117,1285,108,0.0840466926070039,0.35915327338856945
validation,validation_018,original,316272,314399,2961,311438,0.9940778823291344,0.009417968886669487,0.9905820311133305,27,8489,302949,2934,8516,305883,0.0031705025833724753,0.00911854103343465,0.004705062298510063,0.0023580786026200875,0.9636640667743946,0.48301107268850735,0.027257431655738865,0.9908814589665653,1873,61,0.032568072610784836,0.21478799027646855
validation,validation_018,recalibrated,316272,314399,2961,311438,0.9940778823291344,0.009417968886669487,0.9905820311133305,15,3926,307512,2946,3941,310458,0.0038061405734585133,0.005065856129685917,0.004346566212691974,0.0021780165529258024,0.9781413812407757,0.49015969889685074,0.0126060403675852,0.9949341438703141,1873,19,0.01014415376401495,0.19494485343745285
