split,video_alias,point_count,no_bbox_point_count,no_bbox_background_count,no_bbox_positive_count,no_bbox_ignore_count,ignore_point_count,bbox_inside_point_count,bbox_noncontour_target_point_count,stray_ignore_outside_bbox_count
train,train_000,200968,102626,102626,0,0,3312,5503,3312,0
train,train_001,202437,153778,153778,0,0,637,1798,637,0
train,train_002,638887,305407,305407,0,0,1245,12496,1245,0
train,train_003,348795,280673,280673,0,0,7158,7926,7158,0
train,train_004,199840,68158,68158,0,0,161,2372,161,0
train,train_005,729621,348412,348412,0,0,45185,50605,45185,0
train,train_006,233260,113850,113850,0,0,1981,8217,1981,0
train,train_007,421315,210121,210121,0,0,745,14644,745,0
train,train_008,177273,90171,90171,0,0,234,6427,234,0
train,train_009,553973,356874,356874,0,0,1381,3861,1381,0
train,train_010,345770,162077,162077,0,0,651,3274,651,0
train,train_011,169457,100430,100430,0,0,579,3186,579,0
train,train_012,143241,85429,85429,0,0,539,3791,539,0
train,train_013,483089,236536,236536,0,0,580,5979,580,0
train,train_014,772262,381665,381665,0,0,4805,11042,4805,0
train,train_015,1103311,646621,646621,0,0,3060,9868,3060,0
train,train_016,449353,224038,224038,0,0,838,10387,838,0
train,train_017,709159,426266,426266,0,0,162,3546,162,0
train,train_018,284826,129256,129256,0,0,465,3809,465,0
train,train_019,357723,153859,153859,0,0,407,4287,407,0
train,train_020,246943,110065,110065,0,0,2293,10839,2293,0
train,train_021,483289,227248,227248,0,0,3478,10824,3478,0
train,train_022,1286011,947712,947712,0,0,4223,11075,4223,0
train,train_023,357151,195495,195495,0,0,1675,5621,1675,0
train,train_024,705962,340141,340141,0,0,5856,12675,5856,0
train,train_025,232547,114366,114366,0,0,1299,3335,1299,0
train,train_026,153146,103245,103245,0,0,3030,5657,3030,0
train,train_027,775518,372533,372533,0,0,6589,6654,6589,0
train,train_028,210739,144673,144673,0,0,2879,4727,2879,0
train,train_029,210232,188807,188807,0,0,1576,2559,1576,0
train,train_030,295674,141971,141971,0,0,210,3031,210,0
train,train_031,872518,487368,487368,0,0,1835,10194,1835,0
train,train_032,200032,99916,99916,0,0,2676,11462,2676,0
train,train_033,235777,147015,147015,0,0,1176,5117,1176,0
train,train_034,227880,112733,112733,0,0,87,1974,87,0
train,train_035,945881,461102,461102,0,0,3096,8754,3096,0
train,train_036,956292,691352,691352,0,0,1574,6931,1574,0
train,train_037,816296,447257,447257,0,0,4647,14733,4647,0
train,train_038,773412,378356,378356,0,0,1091,15091,1091,0
train,train_039,515882,257676,257676,0,0,3668,12336,3668,0
train,train_040,522130,481183,481183,0,0,103,1084,103,0
train,train_041,421294,212030,212030,0,0,429,3186,429,0
train,train_042,247474,122672,122672,0,0,1887,6930,1887,0
train,train_043,418052,126992,126992,0,0,280,4667,280,0
train,train_044,748299,330165,330165,0,0,6283,22109,6283,0
train,train_045,776371,346016,346016,0,0,2746,19801,2746,0
train,train_046,246847,123967,123967,0,0,822,6931,822,0
train,train_047,532426,440507,440507,0,0,671,4221,671,0
train,train_048,297997,179641,179641,0,0,1608,5498,1608,0
train,train_049,307359,192649,192649,0,0,438,4254,438,0
train,train_050,287781,179232,179232,0,0,987,3902,987,0
train,train_051,226527,143073,143073,0,0,206,2083,206,0
train,train_052,199327,132625,132625,0,0,141,1296,141,0
train,train_053,403573,247416,247416,0,0,965,4940,965,0
train,train_054,483900,306978,306978,0,0,544,6054,544,0
train,train_055,203702,111745,111745,0,0,2924,7915,2924,0
train,train_056,345870,229315,229315,0,0,705,3804,705,0
train,train_057,593979,364347,364347,0,0,465,6847,465,0
train,train_058,417504,195345,195345,0,0,1767,7557,1767,0
train,train_059,592492,395329,395329,0,0,1031,9158,1031,0
train,train_060,197268,108913,108913,0,0,26,1742,26,0
train,train_061,519460,270961,270781,180,0,2690,11557,2690,0
train,train_062,294225,160121,160121,0,0,276,4645,276,0
train,train_063,632778,459312,459312,0,0,494,5852,494,0
train,train_064,291300,137550,137550,0,0,641,3739,641,0
train,train_065,177148,122754,122754,0,0,12,1802,12,0
train,train_066,191099,95599,95599,0,0,915,2794,915,0
train,train_067,198140,104604,104604,0,0,180,1313,180,0
train,train_068,532753,427194,427194,0,0,97,87,87,10
train,train_069,325387,146375,146375,0,0,179,2886,179,0
train,train_070,518309,403622,403622,0,0,236,1706,236,0
train,train_071,471581,294284,294284,0,0,2524,10828,2524,0
train,train_072,544439,424050,424050,0,0,5133,11146,5133,0
train,train_073,428240,323788,323788,0,0,421,4023,421,0
train,train_074,523964,399885,399885,0,0,1214,5245,1214,0
train,train_075,308119,173054,173054,0,0,1786,10037,1786,0
train,train_076,495682,324991,324991,0,0,1492,5181,1492,0
train,train_077,390519,328750,328750,0,0,534,1634,534,0
train,train_078,509316,261152,261152,0,0,3052,10130,3052,0
train,train_079,426816,308024,308024,0,0,31,3539,31,0
train,train_080,271973,168915,168915,0,0,1674,5202,1674,0
train,train_081,421980,275749,275749,0,0,819,4571,819,0
train,train_082,355520,165607,165607,0,0,432,5551,432,0
train,train_083,157613,81142,81142,0,0,382,3354,382,0
train,train_084,343515,182779,182779,0,0,643,5120,643,0
train,train_085,191372,107366,107366,0,0,764,2367,764,0
train,train_086,287689,226915,226915,0,0,446,2367,446,0
train,train_087,313399,151045,151045,0,0,297,5449,297,0
train,train_088,583046,354257,354257,0,0,1106,8227,1106,0
train,train_089,547800,356663,356663,0,0,1310,8563,1310,0
train,train_090,377207,226017,226017,0,0,1490,7888,1490,0
train,train_091,282511,140099,140099,0,0,134,3271,134,0
train,train_092,190600,119911,119911,0,0,644,3959,644,0
train,train_093,271909,130081,130081,0,0,1106,6993,1106,0
train,train_094,130180,49318,49318,0,0,19,1515,19,0
train,train_095,572615,497085,497085,0,0,1202,3693,1202,0
train,train_096,194169,98235,98235,0,0,26,1783,26,0
train,train_097,463385,345947,345947,0,0,807,2888,807,0
train,train_098,511119,359538,359538,0,0,2088,6194,2088,0
train,train_099,188301,149079,149079,0,0,106,1767,106,0
train,train_100,350560,254921,254921,0,0,29,1928,29,0
train,train_101,234928,107778,107778,0,0,247,3086,247,0
train,train_102,295575,233757,233757,0,0,721,4039,721,0
train,train_103,125573,54749,54749,0,0,2587,6105,2587,0
train,train_104,223108,167023,167023,0,0,820,4670,820,0
train,train_105,322516,172601,172601,0,0,180,3469,180,0
train,train_106,323689,155424,155424,0,0,499,4302,499,0
train,train_107,188860,114943,114943,0,0,839,4144,839,0
train,train_108,174312,90763,90763,0,0,946,3821,946,0
train,train_109,587362,455470,455470,0,0,858,7122,858,0
train,train_110,498730,404456,404456,0,0,73,3236,73,0
train,train_111,304009,230707,230707,0,0,158,1163,158,0
train,train_112,261218,134601,134601,0,0,1021,5176,1021,0
train,train_113,377643,195799,195799,0,0,1181,4844,1181,0
train,train_114,256332,124829,124829,0,0,454,3703,454,0
train,train_115,492010,315716,315716,0,0,228,4955,228,0
train,train_116,270548,98320,98320,0,0,682,6840,682,0
train,train_117,212904,106746,106746,0,0,850,3212,850,0
train,train_118,258689,163900,163900,0,0,17,2215,17,0
train,train_119,266919,121024,121024,0,0,44,2971,44,0
train,train_120,169530,128591,128591,0,0,29,1227,29,0
train,train_121,543592,371563,371563,0,0,1555,13091,1555,0
train,train_122,321708,302295,302295,0,0,40,2109,40,0
train,train_123,218858,104245,104245,0,0,714,2554,714,0
train,train_124,200192,117134,117134,0,0,187,1515,187,0
train,train_125,195344,114204,114204,0,0,82,2550,82,0
train,train_126,223916,133927,133927,0,0,918,4263,918,0
train,train_127,328097,217135,217135,0,0,89,2406,89,0
train,train_128,204539,101056,101056,0,0,16,5001,16,0
train,train_129,225023,112375,112375,0,0,1442,8664,1442,0
train,train_130,582666,472614,472614,0,0,539,3075,539,0
train,train_131,173539,0,0,0,0,2146,4587,2146,0
train,train_132,515555,307035,307035,0,0,750,5297,750,0
train,train_133,318956,275152,275152,0,0,1912,4867,1912,0
train,train_134,310550,264650,264650,0,0,609,2533,609,0
train,train_135,512718,338423,338423,0,0,656,6870,656,0
train,train_136,580512,488719,488719,0,0,0,1243,0,0
train,train_137,531517,242093,242093,0,0,4689,17208,4689,0
train,train_138,503265,333255,333255,0,0,6093,11480,6093,0
train,train_139,365021,140246,140246,0,0,850,6231,850,0
train,train_140,395332,128488,128488,0,0,519,7773,519,0
train,train_141,247365,82807,82807,0,0,423,4063,423,0
train,train_142,418278,279427,279427,0,0,145,3139,145,0
train,train_143,177614,127685,127685,0,0,102,1260,102,0
train,train_144,209079,100974,100974,0,0,2100,7207,2100,0
train,train_145,259260,131114,131114,0,0,22,1573,22,0
train,train_146,786860,644869,644869,0,0,1484,3403,1484,0
train,train_147,207631,154179,154179,0,0,139,1801,139,0
train,train_148,269638,174550,174550,0,0,131,2946,131,0
train,train_149,310035,270386,270386,0,0,99,1512,99,0
train,train_150,321381,96336,96336,0,0,2067,5928,2067,0
train,train_151,181497,125567,125567,0,0,173,1671,173,0
train,train_152,195129,144214,144214,0,0,2514,5217,2514,0
train,train_153,357111,231485,231485,0,0,1102,3027,1102,0
train,train_154,192210,102354,102354,0,0,226,3803,226,0
train,train_155,568815,511833,511833,0,0,156,2943,156,0
train,train_156,217442,52703,52703,0,0,81,11996,81,0
train,train_157,205689,123419,123419,0,0,88,2117,88,0
train,train_158,793764,601192,601192,0,0,2233,5409,2233,0
train,train_159,745166,674121,674121,0,0,63,1885,63,0
train,train_160,202973,161734,161734,0,0,461,1870,461,0
train,train_161,194431,153179,153179,0,0,293,3114,293,0
train,train_162,815356,616747,616747,0,0,3413,5461,3413,0
val,val_000,1033155,452387,452387,0,0,6323,15963,6323,0
val,val_001,195362,107458,107458,0,0,836,3941,836,0
val,val_002,246663,121127,121127,0,0,687,6170,687,0
val,val_003,210499,136806,136806,0,0,1318,5625,1318,0
val,val_004,206983,95818,95818,0,0,278,3785,278,0
val,val_005,333152,167755,167755,0,0,912,6309,912,0
val,val_006,468949,405667,405667,0,0,821,3118,821,0
val,val_007,287327,135649,135649,0,0,48,4644,48,0
val,val_008,611107,394165,394165,0,0,1165,7304,1165,0
val,val_009,520656,385013,385013,0,0,843,3962,837,6
val,val_010,528831,267618,267618,0,0,1245,5968,1245,0
val,val_011,236524,176067,176067,0,0,318,2899,318,0
val,val_012,204088,153168,153168,0,0,299,1147,299,0
val,val_013,177685,114098,114098,0,0,277,2055,277,0
val,val_014,321316,242769,242769,0,0,80,2227,80,0
val,val_015,400564,271300,271300,0,0,442,5511,442,0
val,val_016,296418,144077,144077,0,0,1285,2897,1285,0
val,val_017,316272,274515,274515,0,0,1873,4834,1873,0
