split,video_alias,method,num_points,total_point_count,valid_point_count,valid_positive_count,valid_background_count,valid_ratio,valid_positive_ratio,valid_background_ratio,true_positive_count,false_positive_count,true_negative_count,false_negative_count,predicted_positive_count,predicted_background_count,precision,recall,f1,iou_femur,iou_background,mean_iou,false_positive_rate,false_negative_rate,ignore_point_count,ignore_predicted_positive_count,ignore_predicted_positive_ratio,ignore_mean_prob_femur
train_sanity,train_sanity_fixed_001,mean_probability,188301,188301,188195,1661,186534,0.9994370714972305,0.008825951805308324,0.9911740481946917,217,12944,173590,1444,13161,175034,0.01648810880632171,0.13064419024683926,0.029280798812575903,0.01485792536802465,0.9234591281958527,0.4691585267819387,0.06939217515305521,0.8693558097531607,106,0,0.0,0.2930653988963591
train_sanity,train_sanity_fixed_001,max_probability,188301,188301,188195,1661,186534,0.9994370714972305,0.008825951805308324,0.9911740481946917,891,21456,165078,770,22347,165848,0.03987112364075715,0.5364238410596026,0.07422525824725092,0.03854306354630791,0.8813372912484517,0.4599401773973798,0.11502460677410016,0.46357615894039733,106,61,0.5754716981132075,0.5055439336893132
train_sanity,train_sanity_fixed_001,center_nearest_probability,188301,188301,188195,1661,186534,0.9994370714972305,0.008825951805308324,0.9911740481946917,852,16338,170196,809,17190,171005,0.04956369982547993,0.5129440096327513,0.0903930825950878,0.047335963109061616,0.9084726944695025,0.4779043287892821,0.0875872495094728,0.48705599036724867,106,61,0.5754716981132075,0.5055439336893132
train_sanity,train_sanity_fixed_001,center_weighted_probability,188301,188301,188195,1661,186534,0.9994370714972305,0.008825951805308324,0.9911740481946917,455,13737,172797,1206,14192,174003,0.03206031567080045,0.27393136664659845,0.05740238440673689,0.029549292115859202,0.9204058804729945,0.4749775862944269,0.07364341085271318,0.7260686333534015,106,26,0.24528301886792453,0.4321169666594492
train_sanity,train_sanity_random_001,mean_probability,210739,210739,207860,1859,206001,0.986338551478369,0.008943519676705475,0.9910564803232945,0,264,205737,1859,264,207596,0.0,0.0,0.0,0.0,0.9897863946887328,0.4948931973443664,0.0012815471769554517,1.0,2879,0,0.0,0.06877094040682702
train_sanity,train_sanity_random_001,max_probability,210739,210739,207860,1859,206001,0.986338551478369,0.008943519676705475,0.9910564803232945,3,469,205532,1856,472,207388,0.006355932203389831,0.0016137708445400753,0.002574002574002574,0.001288659793814433,0.9888144253020105,0.49505154254791245,0.002276687977242829,0.9983862291554599,2879,13,0.0045154567558179926,0.10463118528900005
train_sanity,train_sanity_random_001,center_nearest_probability,210739,210739,207860,1859,206001,0.986338551478369,0.008943519676705475,0.9910564803232945,0,459,205542,1859,459,207401,0.0,0.0,0.0,0.0,0.9888482632541133,0.4944241316270567,0.002228144523570274,1.0,2879,12,0.004168113928447377,0.0624838174482825
train_sanity,train_sanity_random_001,center_weighted_probability,210739,210739,207860,1859,206001,0.986338551478369,0.008943519676705475,0.9910564803232945,0,265,205736,1859,265,207595,0.0,0.0,0.0,0.0,0.9897815837582988,0.4948907918791494,0.0012864015223227072,1.0,2879,0,0.0,0.05613806057454822
train_sanity,train_sanity_random_002,mean_probability,233260,233260,231279,6236,225043,0.991507330875418,0.026963105167351988,0.973036894832648,190,3394,221649,6046,3584,227695,0.053013392857142856,0.030468248877485567,0.038696537678207736,0.01973001038421599,0.9591499379027129,0.4894399741434644,0.015081562190336958,0.9695317511225144,1981,2,0.0010095911155981827,0.20836874952841625
train_sanity,train_sanity_random_002,max_probability,233260,233260,231279,6236,225043,0.991507330875418,0.026963105167351988,0.973036894832648,1614,5923,219120,4622,7537,223742,0.21414355844500466,0.258819756254009,0.23437159660204748,0.13274117937330374,0.9540852981516557,0.5434132387624797,0.026319414511893284,0.741180243745991,1981,465,0.2347299343765775,0.34400037911535813
train_sanity,train_sanity_random_002,center_nearest_probability,233260,233260,231279,6236,225043,0.991507330875418,0.026963105167351988,0.973036894832648,996,4314,220729,5240,5310,225969,0.18757062146892656,0.1597177677998717,0.17252728217564525,0.09440758293838862,0.9585119179444422,0.5264597504414155,0.0191696697964389,0.8402822322001283,1981,249,0.12569409389197375,0.2074833576224748
train_sanity,train_sanity_random_002,center_weighted_probability,233260,233260,231279,6236,225043,0.991507330875418,0.026963105167351988,0.973036894832648,261,3587,221456,5975,3848,227431,0.06782744282744282,0.04185375240538807,0.05176517255057517,0.02657029420747226,0.9586092858565134,0.4925897900319928,0.015939176068573563,0.958146247594612,1981,16,0.008076728924785462,0.20298723358771886
validation,validation_001,mean_probability,1033155,1033155,1026832,9640,1017192,0.9938799115331194,0.009388098539975381,0.9906119014600246,0,501,1016691,9640,501,1026331,0.0,0.0,0.0,0.0,0.990123993019306,0.495061996509653,0.0004925323832668759,1.0,6323,0,0.0,0.05157428626050616
validation,validation_001,max_probability,1033155,1033155,1026832,9640,1017192,0.9938799115331194,0.009388098539975381,0.9906119014600246,0,4585,1012607,9640,4585,1022247,0.0,0.0,0.0,0.0,0.9861467114386774,0.4930733557193387,0.0045075069406759,1.0,6323,0,0.0,0.07674237886712099
validation,validation_001,center_nearest_probability,1033155,1033155,1026832,9640,1017192,0.9938799115331194,0.009388098539975381,0.9906119014600246,0,2336,1014856,9640,2336,1024496,0.0,0.0,0.0,0.0,0.9883369431416239,0.49416847157081195,0.0022965182581066307,1.0,6323,0,0.0,0.04939742633525271
validation,validation_001,center_weighted_probability,1033155,1033155,1026832,9640,1017192,0.9938799115331194,0.009388098539975381,0.9906119014600246,0,802,1016390,9640,802,1026030,0.0,0.0,0.0,0.0,0.9898308584072175,0.49491542920360876,0.0007884450526547594,1.0,6323,0,0.0,0.05007443812363664
validation,validation_002,mean_probability,195362,195362,194526,3105,191421,0.9957207645294377,0.015961876561487925,0.984038123438512,498,11118,180303,2607,11616,182910,0.042871900826446284,0.1603864734299517,0.06765844711636437,0.03501371018772411,0.9292627868142742,0.4821382485009992,0.05808140172708324,0.8396135265700483,836,147,0.17583732057416268,0.33866319038936393
validation,validation_002,max_probability,195362,195362,194526,3105,191421,0.9957207645294377,0.015961876561487925,0.984038123438512,1025,16057,175364,2080,17082,177444,0.060004683292354526,0.33011272141706927,0.10155050279883093,0.053491284834568414,0.9062692182469341,0.47988025154075126,0.0838831685133815,0.6698872785829307,836,380,0.45454545454545453,0.43265313177890896
validation,validation_002,center_nearest_probability,195362,195362,194526,3105,191421,0.9957207645294377,0.015961876561487925,0.984038123438512,703,13469,177952,2402,14172,180354,0.04960485464295795,0.22640901771336555,0.08137986919025293,0.04241583202606492,0.9181160130634651,0.480265922544765,0.07036323078450117,0.7735909822866345,836,344,0.41148325358851673,0.37845684886959036
validation,validation_002,center_weighted_probability,195362,195362,194526,3105,191421,0.9957207645294377,0.015961876561487925,0.984038123438512,463,11383,180038,2642,11846,182680,0.03908492318082053,0.14911433172302738,0.06193565647782757,0.03195748205411375,0.9277296548028218,0.47984356842846776,0.059465784840743705,0.8508856682769727,836,156,0.18660287081339713,0.33940368364052625
validation,validation_003,mean_probability,246663,246663,245976,5483,240493,0.997214823463592,0.022290792597651803,0.9777092074023482,0,56,240437,5483,56,245920,0.0,0.0,0.0,0.0,0.9774815429147559,0.48874077145737793,0.0002328550103329411,1.0,687,0,0.0,0.07033593527256922
validation,validation_003,max_probability,246663,246663,245976,5483,240493,0.997214823463592,0.022290792597651803,0.9777092074023482,0,140,240353,5483,140,245836,0.0,0.0,0.0,0.0,0.9771400461833675,0.48857002309168374,0.0005821375258323527,1.0,687,0,0.0,0.09712336271231264
validation,validation_003,center_nearest_probability,246663,246663,245976,5483,240493,0.997214823463592,0.022290792597651803,0.9777092074023482,0,95,240398,5483,95,245881,0.0,0.0,0.0,0.0,0.977322990860897,0.4886614954304485,0.0003950218925290965,1.0,687,0,0.0,0.07292651524699498
validation,validation_003,center_weighted_probability,246663,246663,245976,5483,240493,0.997214823463592,0.022290792597651803,0.9777092074023482,0,58,240435,5483,58,245918,0.0,0.0,0.0,0.0,0.977473412040199,0.4887367060200995,0.0002411712607019747,1.0,687,0,0.0,0.07240927850846554
validation,validation_004,mean_probability,210499,210499,209181,4307,204874,0.9937386875947154,0.02058982412360587,0.9794101758763941,59,1160,203714,4248,1219,207962,0.04840032813781788,0.0136986301369863,0.021353601158161418,0.010792024876531919,0.9741394975181952,0.49246576119736357,0.0056620166541386414,0.9863013698630136,1318,0,0.0,0.1517476784588263
validation,validation_004,max_probability,210499,210499,209181,4307,204874,0.9937386875947154,0.02058982412360587,0.9794101758763941,118,3302,201572,4189,3420,205761,0.03450292397660819,0.0273972602739726,0.030542254432509384,0.015507951110527007,0.9641686955606683,0.4898383233355977,0.01611722326893603,0.9726027397260274,1318,0,0.0,0.19625402763712027
validation,validation_004,center_nearest_probability,210499,210499,209181,4307,204874,0.9937386875947154,0.02058982412360587,0.9794101758763941,75,2313,202561,4232,2388,206793,0.031407035175879394,0.017413512885999537,0.022404779686333084,0.011329305135951661,0.9687000851242911,0.49001469513012136,0.01128986596639886,0.9825864871140004,1318,0,0.0,0.15205306780972547
validation,validation_004,center_weighted_probability,210499,210499,209181,4307,204874,0.9937386875947154,0.02058982412360587,0.9794101758763941,55,1220,203654,4252,1275,207906,0.043137254901960784,0.012769909449732993,0.019706198495163023,0.00995114890537362,0.9738339565620726,0.4918925527337231,0.0059548795845251225,0.987230090550267,1318,0,0.0,0.15235846079264137
validation,validation_005,mean_probability,206983,206983,206705,3507,203198,0.9986568945275699,0.016966207880796304,0.9830337921192037,627,11381,191817,2880,12008,194697,0.05221518987341772,0.1787852865697177,0.0808250080567193,0.042114454594304136,0.930798047341298,0.4864562509678011,0.05600940954143249,0.8212147134302823,278,19,0.0683453237410072,0.32492669571271476
validation,validation_005,max_probability,206983,206983,206705,3507,203198,0.9986568945275699,0.016966207880796304,0.9830337921192037,1099,29302,173896,2408,30401,176304,0.03615012664057103,0.313373253493014,0.06482246077621799,0.03349690633667591,0.8457729832786981,0.439634944807687,0.14420417523794526,0.6866267465069861,278,24,0.08633093525179857,0.34699887853357003
validation,validation_005,center_nearest_probability,206983,206983,206705,3507,203198,0.9986568945275699,0.016966207880796304,0.9830337921192037,893,19767,183431,2614,20660,186045,0.04322362052274927,0.2546335899629313,0.07390242893201474,0.03836899544556157,0.8912551260373545,0.46481206074145803,0.09727950078248801,0.7453664100370687,278,18,0.06474820143884892,0.3282008111718104
validation,validation_005,center_weighted_probability,206983,206983,206705,3507,203198,0.9986568945275699,0.016966207880796304,0.9830337921192037,779,12840,190358,2728,13619,193086,0.05719950069755489,0.22212717422298262,0.09097278991007823,0.04765400379274485,0.9244000271942349,0.48602701549348987,0.06318959832281813,0.7778728257770174,278,19,0.0683453237410072,0.3271063445470959
validation,validation_006,mean_probability,333152,333152,332240,5397,326843,0.9972625108058784,0.01624428124247532,0.9837557187575247,0,146,326697,5397,146,332094,0.0,0.0,0.0,0.0,0.9833162773898386,0.4916581386949193,0.00044669764994202107,1.0,912,0,0.0,0.09096926507098894
validation,validation_006,max_probability,333152,333152,332240,5397,326843,0.9972625108058784,0.01624428124247532,0.9837557187575247,0,628,326215,5397,628,331612,0.0,0.0,0.0,0.0,0.9818655189019986,0.4909327594509993,0.0019214118093396524,1.0,912,0,0.0,0.11220710813639719
validation,validation_006,center_nearest_probability,333152,333152,332240,5397,326843,0.9972625108058784,0.01624428124247532,0.9837557187575247,0,411,326432,5397,411,331829,0.0,0.0,0.0,0.0,0.9825186612087647,0.49125933060438237,0.0012574844803162374,1.0,912,0,0.0,0.09277063270973597
validation,validation_006,center_weighted_probability,333152,333152,332240,5397,326843,0.9972625108058784,0.01624428124247532,0.9837557187575247,0,158,326685,5397,158,332082,0.0,0.0,0.0,0.0,0.9832801589212617,0.4916400794606309,0.0004834125252797215,1.0,912,0,0.0,0.09371948189085774
validation,validation_007,mean_probability,468949,468949,468128,2297,465831,0.9982492765737853,0.00490677763346777,0.9950932223665322,0,79,465752,2297,79,468049,0.0,0.0,0.0,0.0,0.9949244651035615,0.49746223255178074,0.0001695894004478019,1.0,821,0,0.0,0.026141619087445316
validation,validation_007,max_probability,468949,468949,468128,2297,465831,0.9982492765737853,0.00490677763346777,0.9950932223665322,0,13223,452608,2297,13223,454905,0.0,0.0,0.0,0.0,0.9668466744138355,0.48342333720691777,0.02838583091292765,1.0,821,0,0.0,0.026141619087445316
validation,validation_007,center_nearest_probability,468949,468949,468128,2297,465831,0.9982492765737853,0.00490677763346777,0.9950932223665322,0,7077,458754,2297,7077,461051,0.0,0.0,0.0,0.0,0.9799755622393875,0.48998778111969377,0.015192204898342962,1.0,821,0,0.0,0.026141619087445316
validation,validation_007,center_weighted_probability,468949,468949,468128,2297,465831,0.9982492765737853,0.00490677763346777,0.9950932223665322,0,1981,463850,2297,1981,466147,0.0,0.0,0.0,0.0,0.9908614737849477,0.49543073689247386,0.004252615218823994,1.0,821,0,0.0,0.026141619087445316
validation,validation_008,mean_probability,287327,287327,287279,4596,282683,0.999832942953499,0.0159983848453942,0.9840016151546058,0,6064,276619,4596,6064,281215,0.0,0.0,0.0,0.0,0.9628932153063746,0.4814466076531873,0.02145159065101191,1.0,48,0,0.0,0.07683767611160874
validation,validation_008,max_probability,287327,287327,287279,4596,282683,0.999832942953499,0.0159983848453942,0.9840016151546058,758,18306,264377,3838,19064,268215,0.0397608057070919,0.1649260226283725,0.06407438715131024,0.03309754606584578,0.9227142164099664,0.4779058812379061,0.06475805053717415,0.8350739773716275,48,0,0.0,0.0883204002554218
validation,validation_008,center_nearest_probability,287327,287327,287279,4596,282683,0.999832942953499,0.0159983848453942,0.9840016151546058,238,14709,267974,4358,14947,272332,0.015922927677794876,0.05178416013925152,0.02435654710126388,0.012328412328412329,0.9335739493661185,0.4729511808472654,0.05203354994817516,0.9482158398607484,48,0,0.0,0.08579461245487134
validation,validation_008,center_weighted_probability,287327,287327,287279,4596,282683,0.999832942953499,0.0159983848453942,0.9840016151546058,0,6666,276017,4596,6666,280613,0.0,0.0,0.0,0.0,0.9607976914428135,0.48039884572140673,0.023581184577777935,1.0,48,0,0.0,0.08380418177694082
validation,validation_009,mean_probability,611107,611107,609942,6139,603803,0.998093623538922,0.010064891415905119,0.9899351085840948,0,2731,601072,6139,2731,607211,0.0,0.0,0.0,0.0,0.9854576336766446,0.4927288168383223,0.004522998395171935,1.0,1165,0,0.0,0.08903387464710827
validation,validation_009,max_probability,611107,611107,609942,6139,603803,0.998093623538922,0.010064891415905119,0.9899351085840948,153,34782,569021,5986,34935,575007,0.004379562043795621,0.024922625834826517,0.007449968349807665,0.0037389115613010435,0.9331440875450361,0.46844149955316855,0.05760488106220075,0.9750773741651735,1165,24,0.020600858369098713,0.12788895283358034
validation,validation_009,center_nearest_probability,611107,611107,609942,6139,603803,0.998093623538922,0.010064891415905119,0.9899351085840948,27,19549,584254,6112,19576,590366,0.0013792398855741724,0.004398110441439974,0.002099941668286992,0.0010510744316412333,0.9579269242435421,0.47948899933759165,0.03237645390963609,0.99560188955856,1165,0,0.0,0.0644514172070144
validation,validation_009,center_weighted_probability,611107,611107,609942,6139,603803,0.998093623538922,0.010064891415905119,0.9899351085840948,0,4613,599190,6139,4613,605329,0.0,0.0,0.0,0.0,0.9823720943958606,0.4911860471979303,0.007639909043181303,1.0,1165,0,0.0,0.07588164376438687
validation,validation_010,mean_probability,520656,520656,519813,3225,516588,0.9983808887249931,0.006204154186216966,0.993795845813783,0,8189,508399,3225,8189,511624,0.0,0.0,0.0,0.0,0.9780421036026418,0.4890210518013209,0.015852091028053305,1.0,843,0,0.0,0.07015810365990811
validation,validation_010,max_probability,520656,520656,519813,3225,516588,0.9983808887249931,0.006204154186216966,0.993795845813783,0,51928,464660,3225,51928,467885,0.0,0.0,0.0,0.0,0.8938983826876203,0.44694919134381017,0.10052111160150835,1.0,843,0,0.0,0.11426735541441899
validation,validation_010,center_nearest_probability,520656,520656,519813,3225,516588,0.9983808887249931,0.006204154186216966,0.993795845813783,0,28177,488411,3225,28177,491636,0.0,0.0,0.0,0.0,0.9395898140292759,0.46979490701463794,0.054544433862188046,1.0,843,0,0.0,0.05480676211642095
validation,validation_010,center_weighted_probability,520656,520656,519813,3225,516588,0.9983808887249931,0.006204154186216966,0.993795845813783,0,13635,502953,3225,13635,506178,0.0,0.0,0.0,0.0,0.9675652590450796,0.4837826295225398,0.026394341331970547,1.0,843,0,0.0,0.060731561980425675
validation,validation_011,mean_probability,528831,528831,527586,4758,522828,0.9976457507218752,0.009018434909190161,0.9909815650908098,34,1100,521728,4724,1134,526452,0.029982363315696647,0.007145859604875998,0.011541072640868974,0.005804028678729942,0.9889603299769502,0.49738217932784007,0.002103942405532986,0.992854140395124,1245,52,0.04176706827309237,0.2602212330049659
validation,validation_011,max_probability,528831,528831,527586,4758,522828,0.9976457507218752,0.009018434909190161,0.9909815650908098,2500,35329,487499,2258,37829,489757,0.06608686457479711,0.5254308532997057,0.11740672036067344,0.0623643575223888,0.9284174401907497,0.49539089885656923,0.06757289204097715,0.47456914670029426,1245,635,0.5100401606425703,0.4014052533720392
validation,validation_011,center_nearest_probability,528831,528831,527586,4758,522828,0.9976457507218752,0.009018434909190161,0.9909815650908098,1248,19046,503782,3510,20294,507292,0.06149600867251404,0.26229508196721313,0.09963276385118953,0.05242816333389346,0.9571454084637628,0.5047867858988282,0.03642880641434659,0.7377049180327869,1245,366,0.29397590361445786,0.27125940153218175
validation,validation_011,center_weighted_probability,528831,528831,527586,4758,522828,0.9976457507218752,0.009018434909190161,0.9909815650908098,619,6496,516332,4139,7115,520471,0.08699929725931131,0.13009667927700713,0.1042701928745894,0.055002665718855516,0.9798184706063188,0.5174105681625871,0.012424736242129343,0.8699033207229928,1245,153,0.12289156626506025,0.24844315860375582
validation,validation_012,mean_probability,236524,236524,236206,2582,233624,0.9986555275574571,0.010931136380955607,0.9890688636190444,1035,17955,215669,1547,18990,217216,0.054502369668246446,0.400852052672347,0.09595772297422585,0.05039684471928714,0.9170731085040247,0.48373497661165593,0.07685426154847105,0.599147947327653,318,67,0.21069182389937108,0.39940882626475777
validation,validation_012,max_probability,236524,236524,236206,2582,233624,0.9986555275574571,0.010931136380955607,0.9890688636190444,1806,57764,175860,776,59570,176636,0.030317273795534665,0.6994577846630519,0.05811558759171065,0.02992741855301097,0.7502559726962458,0.39009169562462837,0.24725199465808306,0.3005422153369481,318,178,0.559748427672956,0.4938118338069451
validation,validation_012,center_nearest_probability,236524,236524,236206,2582,233624,0.9986555275574571,0.010931136380955607,0.9890688636190444,952,37044,196580,1630,37996,198210,0.025055268975681652,0.3687064291247095,0.04692197742619153,0.02402463029324181,0.835607471073818,0.4298160506835299,0.15856247645789817,0.6312935708752905,318,88,0.27672955974842767,0.3493489648607917
validation,validation_012,center_weighted_probability,236524,236524,236206,2582,233624,0.9986555275574571,0.010931136380955607,0.9890688636190444,941,27511,206113,1641,28452,207754,0.03307324616898636,0.36444616576297445,0.06064316556035316,0.03126973050211013,0.8760886659724141,0.4536791982372621,0.11775759339793856,0.6355538342370256,318,65,0.20440251572327045,0.36427346734130905
validation,validation_013,mean_probability,204088,204088,203789,848,202941,0.9985349457096938,0.004161166696926723,0.9958388333030733,1,1459,201482,847,1460,202329,0.0006849315068493151,0.0011792452830188679,0.0008665511265164645,0.00043346337234503684,0.9886843189981745,0.4945588911852598,0.00718928161386807,0.9988207547169812,299,0,0.0,0.23480999153294294
validation,validation_013,max_probability,204088,204088,203789,848,202941,0.9985349457096938,0.004161166696926723,0.9958388333030733,426,5234,197707,422,5660,198129,0.07526501766784452,0.5023584905660378,0.1309157959434542,0.0700427490956922,0.9721876644227317,0.521115206759212,0.025790747064417738,0.49764150943396224,299,98,0.3277591973244147,0.341855934705822
validation,validation_013,center_nearest_probability,204088,204088,203789,848,202941,0.9985349457096938,0.004161166696926723,0.9958388333030733,221,3949,198992,627,4170,199619,0.052997601918465226,0.2606132075471698,0.08808290155440415,0.04607046070460705,0.9775210249155073,0.5117957428100571,0.019458857500455798,0.7393867924528302,299,61,0.2040133779264214,0.2400878604663455
validation,validation_013,center_weighted_probability,204088,204088,203789,848,202941,0.9985349457096938,0.004161166696926723,0.9958388333030733,0,1703,201238,848,1703,202086,0.0,0.0,0.0,0.0,0.9874821506558253,0.49374107532791267,0.008391601499943334,1.0,299,0,0.0,0.21164215587851992
validation,validation_014,mean_probability,177685,177685,177408,1778,175630,0.9984410614289332,0.01002209595959596,0.9899779040404041,0,41,175589,1778,41,177367,0.0,0.0,0.0,0.0,0.9897467983405484,0.4948733991702742,0.0002334453111655184,1.0,277,0,0.0,0.023275412255998985
validation,validation_014,max_probability,177685,177685,177408,1778,175630,0.9984410614289332,0.01002209595959596,0.9899779040404041,0,160,175470,1778,160,177248,0.0,0.0,0.0,0.0,0.9890760281385281,0.49453801406926406,0.0009110060923532426,1.0,277,0,0.0,0.023275412255998985
validation,validation_014,center_nearest_probability,177685,177685,177408,1778,175630,0.9984410614289332,0.01002209595959596,0.9899779040404041,0,160,175470,1778,160,177248,0.0,0.0,0.0,0.0,0.9890760281385281,0.49453801406926406,0.0009110060923532426,1.0,277,0,0.0,0.023275412255998985
validation,validation_014,center_weighted_probability,177685,177685,177408,1778,175630,0.9984410614289332,0.01002209595959596,0.9899779040404041,0,44,175586,1778,44,177364,0.0,0.0,0.0,0.0,0.9897298881673882,0.4948649440836941,0.00025052667539714174,1.0,277,0,0.0,0.023275412255998985
validation,validation_015,mean_probability,321316,321316,321236,2147,319089,0.999751023914153,0.006683559750463834,0.9933164402495361,0,0,319089,2147,0,321236,0.0,0.0,0.0,0.0,0.9933164402495361,0.49665822012476807,0.0,1.0,80,0,0.0,0.033851374918594954
validation,validation_015,max_probability,321316,321316,321236,2147,319089,0.999751023914153,0.006683559750463834,0.9933164402495361,0,94,318995,2147,94,321142,0.0,0.0,0.0,0.0,0.9930238204933445,0.49651191024667224,0.00029458865708313354,1.0,80,0,0.0,0.044265620945952835
validation,validation_015,center_nearest_probability,321316,321316,321236,2147,319089,0.999751023914153,0.006683559750463834,0.9933164402495361,0,0,319089,2147,0,321236,0.0,0.0,0.0,0.0,0.9933164402495361,0.49665822012476807,0.0,1.0,80,0,0.0,0.035848237969912586
validation,validation_015,center_weighted_probability,321316,321316,321236,2147,319089,0.999751023914153,0.006683559750463834,0.9933164402495361,0,0,319089,2147,0,321236,0.0,0.0,0.0,0.0,0.9933164402495361,0.49665822012476807,0.0,1.0,80,0,0.0,0.03516634381376207
validation,validation_016,mean_probability,400564,400564,400122,5069,395053,0.9988965558562427,0.01266863606599987,0.9873313639340001,0,6275,388778,5069,6275,393847,0.0,0.0,0.0,0.0,0.9716486471626155,0.4858243235813077,0.015883944685902904,1.0,442,0,0.0,0.05372422613304664
validation,validation_016,max_probability,400564,400564,400122,5069,395053,0.9988965558562427,0.01266863606599987,0.9873313639340001,2,19013,376040,5067,19015,381107,0.0001051801209571391,0.0003945551390806865,0.00016608536787908983,8.304958059961797e-05,0.9398180545836249,0.4699505520821122,0.04812771957180429,0.9996054448609193,442,0,0.0,0.07040367050020538
validation,validation_016,center_nearest_probability,400564,400564,400122,5069,395053,0.9988965558562427,0.01266863606599987,0.9873313639340001,0,14432,380621,5069,14432,385690,0.0,0.0,0.0,0.0,0.9512623649786816,0.4756311824893408,0.03653180712461366,1.0,442,0,0.0,0.06843176366533764
validation,validation_016,center_weighted_probability,400564,400564,400122,5069,395053,0.9988965558562427,0.01266863606599987,0.9873313639340001,0,8307,386746,5069,8307,391815,0.0,0.0,0.0,0.0,0.9665701960901925,0.48328509804509623,0.0210275583276168,1.0,442,0,0.0,0.061166070726156506
validation,validation_017,mean_probability,296418,296418,295133,1612,293521,0.9956649056400083,0.0054619442759704945,0.9945380557240295,410,9041,284480,1202,9451,285682,0.0433816527351603,0.2543424317617866,0.07412094368616108,0.038486811226884445,0.9652453320575591,0.5018660716422217,0.03080188470330913,0.7456575682382134,1285,174,0.13540856031128404,0.3604451321065426
validation,validation_017,max_probability,296418,296418,295133,1612,293521,0.9956649056400083,0.0054619442759704945,0.9945380557240295,1304,21160,272361,308,22464,272669,0.058048433048433046,0.8089330024813896,0.1083236418009636,0.057263305814157735,0.9269370960660792,0.49210020094011847,0.07209024226545971,0.19106699751861042,1285,942,0.7330739299610894,0.516891622053394
validation,validation_017,center_nearest_probability,296418,296418,295133,1612,293521,0.9956649056400083,0.0054619442759704945,0.9945380557240295,900,14725,278796,712,15625,279508,0.0576,0.5583126550868487,0.10442652433718165,0.05508967374670992,0.9475347768605153,0.5013122253036126,0.05016676830618593,0.44168734491315137,1285,583,0.4536964980544747,0.3922440370283876
validation,validation_017,center_weighted_probability,296418,296418,295133,1612,293521,0.9956649056400083,0.0054619442759704945,0.9945380557240295,560,10166,283355,1052,10726,284407,0.0522095841879545,0.34739454094292804,0.09077646295996109,0.047546272711835626,0.9619177589256314,0.5047320158187335,0.03463465987101434,0.652605459057072,1285,290,0.22568093385214008,0.3850793730627006
validation,validation_018,mean_probability,316272,316272,314399,2961,311438,0.9940778823291344,0.009417968886669487,0.9905820311133305,27,8489,302949,2934,8516,305883,0.0031705025833724753,0.00911854103343465,0.004705062298510063,0.0023580786026200875,0.9636640667743946,0.48301107268850735,0.027257431655738865,0.9908814589665653,1873,61,0.032568072610784836,0.21478799027646855
validation,validation_018,max_probability,316272,316272,314399,2961,311438,0.9940778823291344,0.009417968886669487,0.9905820311133305,831,17565,293873,2130,18396,296003,0.04517286366601435,0.2806484295845998,0.07781991852788313,0.040485238234434374,0.9371906572099193,0.48883794772217687,0.056399668633885396,0.7193515704154002,1873,210,0.11211959423384944,0.2856240553758517
validation,validation_018,center_nearest_probability,316272,316272,314399,2961,311438,0.9940778823291344,0.009417968886669487,0.9905820311133305,822,12860,298578,2139,13682,300717,0.06007893582809531,0.27760891590678827,0.09878026798053235,0.051956260666203145,0.9521680480392376,0.5020621543527204,0.04129232784695509,0.7223910840932117,1873,176,0.09396689802455953,0.25810959122207827
validation,validation_018,center_weighted_probability,316272,316272,314399,2961,311438,0.9940778823291344,0.009417968886669487,0.9905820311133305,73,9623,301815,2888,9696,304703,0.007528877887788779,0.02465383316447146,0.011535118906533933,0.005801017164653528,0.9601973747001521,0.4829991959324028,0.030898605822025572,0.9753461668355285,1873,82,0.04378003203416978,0.2278276383757464
