split,video_alias,gt_class,relative_frame_decile,point_count_vote2plus,disagreement_count,disagreement_rate
train_sanity,train_sanity_fixed_001,valid_positive,4,643,409,0.6360808709175739
train_sanity,train_sanity_fixed_001,valid_positive,5,846,329,0.3888888888888889
train_sanity,train_sanity_fixed_001,valid_background,4,14076,1919,0.13633134413185563
train_sanity,train_sanity_fixed_001,valid_background,5,15908,2613,0.1642569776213226
train_sanity,train_sanity_fixed_001,valid_background,6,19363,2578,0.13314052574497753
train_sanity,train_sanity_fixed_001,valid_background,7,21125,2181,0.10324260355029585
train_sanity,train_sanity_fixed_001,ignore,4,106,61,0.5754716981132075
train_sanity,train_sanity_random_001,valid_positive,4,972,3,0.0030864197530864196
train_sanity,train_sanity_random_001,valid_positive,5,421,0,0.0
train_sanity,train_sanity_random_001,valid_positive,6,31,0,0.0
train_sanity,train_sanity_random_001,valid_background,4,20043,3,0.000149678191887442
train_sanity,train_sanity_random_001,valid_background,5,21556,17,0.0007886435331230284
train_sanity,train_sanity_random_001,valid_background,6,20276,73,0.0036003156441112645
train_sanity,train_sanity_random_001,valid_background,7,21445,112,0.005222662625320587
train_sanity,train_sanity_random_001,ignore,4,1794,1,0.0005574136008918618
train_sanity,train_sanity_random_001,ignore,5,378,0,0.0
train_sanity,train_sanity_random_001,ignore,6,283,12,0.04240282685512368
train_sanity,train_sanity_random_002,valid_positive,3,493,167,0.33874239350912777
train_sanity,train_sanity_random_002,valid_positive,4,1691,451,0.2667060910703726
train_sanity,train_sanity_random_002,valid_positive,5,2132,566,0.2654784240150094
train_sanity,train_sanity_random_002,valid_positive,6,741,240,0.32388663967611336
train_sanity,train_sanity_random_002,valid_background,3,18852,1176,0.062380649267982174
train_sanity,train_sanity_random_002,valid_background,4,17088,433,0.02533941947565543
train_sanity,train_sanity_random_002,valid_background,5,17963,170,0.009463898012581417
train_sanity,train_sanity_random_002,valid_background,6,20016,750,0.03747002398081535
train_sanity,train_sanity_random_002,ignore,3,365,51,0.13972602739726028
train_sanity,train_sanity_random_002,ignore,4,597,165,0.27638190954773867
train_sanity,train_sanity_random_002,ignore,5,730,184,0.25205479452054796
train_sanity,train_sanity_random_002,ignore,6,183,63,0.3442622950819672
validation,validation_001,valid_positive,2,1063,0,0.0
validation,validation_001,valid_positive,3,1273,0,0.0
validation,validation_001,valid_positive,4,1668,0,0.0
validation,validation_001,valid_positive,5,2106,0,0.0
validation,validation_001,valid_positive,6,2222,0,0.0
validation,validation_001,valid_positive,7,1308,0,0.0
validation,validation_001,valid_background,0,37242,0,0.0
validation,validation_001,valid_background,1,124922,0,0.0
validation,validation_001,valid_background,2,113641,0,0.0
validation,validation_001,valid_background,3,116663,0,0.0
validation,validation_001,valid_background,4,124712,3,2.4055423696196037e-05
validation,validation_001,valid_background,5,106103,3048,0.028726803200663505
validation,validation_001,valid_background,6,97687,1280,0.013103074104026124
validation,validation_001,valid_background,7,101877,0,0.0
validation,validation_001,valid_background,8,82411,0,0.0
validation,validation_001,valid_background,9,23772,0,0.0
validation,validation_001,ignore,2,669,0,0.0
validation,validation_001,ignore,3,1290,0,0.0
validation,validation_001,ignore,4,1277,0,0.0
validation,validation_001,ignore,5,1287,0,0.0
validation,validation_001,ignore,6,1259,0,0.0
validation,validation_001,ignore,7,541,0,0.0
validation,validation_002,valid_positive,4,675,203,0.30074074074074075
validation,validation_002,valid_positive,5,686,281,0.4096209912536443
validation,validation_002,valid_positive,6,842,179,0.21258907363420426
validation,validation_002,valid_background,4,19530,2102,0.10762928827444956
validation,validation_002,valid_background,5,18009,1636,0.09084346715531123
validation,validation_002,valid_background,6,18151,1384,0.07624924246597983
validation,validation_002,valid_background,7,19987,1021,0.051083204082653724
validation,validation_002,ignore,4,210,51,0.24285714285714285
validation,validation_002,ignore,5,246,168,0.6829268292682927
validation,validation_002,ignore,6,116,33,0.28448275862068967
validation,validation_003,valid_positive,2,558,0,0.0
validation,validation_003,valid_positive,3,1019,0,0.0
validation,validation_003,valid_positive,4,1441,0,0.0
validation,validation_003,valid_positive,5,1085,0,0.0
validation,validation_003,valid_positive,6,685,0,0.0
validation,validation_003,valid_positive,7,363,0,0.0
validation,validation_003,valid_background,2,7514,5,0.0006654245408570668
validation,validation_003,valid_background,3,15593,16,0.0010261014557814403
validation,validation_003,valid_background,4,24943,13,0.0005211883093453073
validation,validation_003,valid_background,5,26548,14,0.0005273466927828838
validation,validation_003,valid_background,6,17926,14,0.0007809885083119491
validation,validation_003,valid_background,7,28297,20,0.0007067887055164858
validation,validation_003,valid_background,8,18393,2,0.000108737019518295
validation,validation_003,ignore,2,203,0,0.0
validation,validation_003,ignore,3,427,0,0.0
validation,validation_004,valid_positive,4,1380,22,0.015942028985507246
validation,validation_004,valid_positive,5,1064,50,0.046992481203007516
validation,validation_004,valid_positive,6,525,19,0.03619047619047619
validation,validation_004,valid_background,4,18735,610,0.032559380838003735
validation,validation_004,valid_background,5,19587,622,0.03175575636902027
validation,validation_004,valid_background,6,21083,515,0.024427263672152918
validation,validation_004,valid_background,7,21977,431,0.019611411930654774
validation,validation_004,ignore,4,646,0,0.0
validation,validation_004,ignore,5,459,0,0.0
validation,validation_004,ignore,6,206,0,0.0
validation,validation_005,valid_positive,3,293,123,0.4197952218430034
validation,validation_005,valid_positive,4,625,183,0.2928
validation,validation_005,valid_positive,5,574,161,0.2804878048780488
validation,validation_005,valid_positive,6,616,147,0.23863636363636365
validation,validation_005,valid_positive,7,200,63,0.315
validation,validation_005,valid_background,3,9866,1817,0.1841678491789986
validation,validation_005,valid_background,4,19788,4403,0.22250859106529208
validation,validation_005,valid_background,5,18496,4803,0.25967776816608995
validation,validation_005,valid_background,6,19538,5114,0.2617463404647354
validation,validation_005,valid_background,7,9727,2747,0.2824097871902951
validation,validation_005,ignore,3,61,4,0.06557377049180328
validation,validation_005,ignore,5,15,4,0.26666666666666666
validation,validation_006,valid_positive,2,395,0,0.0
validation,validation_006,valid_positive,3,588,0,0.0
validation,validation_006,valid_positive,4,1622,0,0.0
validation,validation_006,valid_positive,5,1388,0,0.0
validation,validation_006,valid_positive,6,925,0,0.0
validation,validation_006,valid_positive,7,479,0,0.0
validation,validation_006,valid_background,2,26432,33,0.0012484866828087167
validation,validation_006,valid_background,3,26789,6,0.00022397252603680614
validation,validation_006,valid_background,4,35045,25,0.0007133685261806249
validation,validation_006,valid_background,5,27259,7,0.0002567959206133754
validation,validation_006,valid_background,6,35365,108,0.0030538668174749047
validation,validation_006,valid_background,7,25199,123,0.004881146077225286
validation,validation_006,valid_background,8,32456,180,0.00554596992851861
validation,validation_006,ignore,2,124,0,0.0
validation,validation_006,ignore,3,602,0,0.0
validation,validation_006,ignore,4,184,0,0.0
validation,validation_006,ignore,5,2,0,0.0
validation,validation_007,valid_background,1,17736,0,0.0
validation,validation_007,valid_background,2,46551,0,0.0
validation,validation_007,valid_background,3,50819,4056,0.07981266849013165
validation,validation_007,valid_background,4,39219,3600,0.09179224355541957
validation,validation_007,valid_background,5,47367,4305,0.09088605991513078
validation,validation_007,valid_background,6,47155,1246,0.026423496978051107
validation,validation_007,valid_background,7,47963,5,0.00010424702374747201
validation,validation_007,valid_background,8,47063,0,0.0
validation,validation_007,valid_background,9,34580,0,0.0
validation,validation_008,valid_positive,2,250,0,0.0
validation,validation_008,valid_positive,3,583,0,0.0
validation,validation_008,valid_positive,4,1051,0,0.0
validation,validation_008,valid_positive,5,1460,176,0.12054794520547946
validation,validation_008,valid_positive,6,805,344,0.42732919254658386
validation,validation_008,valid_positive,7,243,238,0.9794238683127572
validation,validation_008,valid_background,2,9771,0,0.0
validation,validation_008,valid_background,3,19194,0,0.0
validation,validation_008,valid_background,4,31116,0,0.0
validation,validation_008,valid_background,5,32620,1309,0.04012875536480687
validation,validation_008,valid_background,6,22369,2288,0.10228441146229156
validation,validation_008,valid_background,7,32441,5054,0.15579051200641164
validation,validation_008,valid_background,8,19925,3591,0.1802258469259724
validation,validation_008,ignore,2,30,0,0.0
validation,validation_008,ignore,5,18,0,0.0
validation,validation_009,valid_positive,5,930,0,0.0
validation,validation_009,valid_positive,6,2738,0,0.0
validation,validation_009,valid_positive,7,1139,27,0.02370500438981563
validation,validation_009,valid_positive,8,1332,126,0.0945945945945946
validation,validation_009,valid_background,1,42694,1174,0.027498009087928047
validation,validation_009,valid_background,2,50097,1345,0.026847915044813063
validation,validation_009,valid_background,3,46857,160,0.003414644556843161
validation,validation_009,valid_background,4,64955,520,0.008005542298514357
validation,validation_009,valid_background,5,58893,367,0.006231640432649042
validation,validation_009,valid_background,6,69548,7941,0.11418013458330938
validation,validation_009,valid_background,7,60351,7970,0.13206077778330103
validation,validation_009,valid_background,8,69609,8172,0.11739861224841615
validation,validation_009,valid_background,9,46294,4583,0.0989977102864302
validation,validation_009,ignore,5,571,0,0.0
validation,validation_009,ignore,6,325,2,0.006153846153846154
validation,validation_009,ignore,7,109,0,0.0
validation,validation_009,ignore,8,160,22,0.1375
validation,validation_010,valid_positive,6,1201,0,0.0
validation,validation_010,valid_positive,7,1595,0,0.0
validation,validation_010,valid_positive,8,429,0,0.0
validation,validation_010,valid_background,1,28611,3412,0.11925483205760022
validation,validation_010,valid_background,2,40150,8629,0.21491905354919053
validation,validation_010,valid_background,3,49334,10922,0.22138890014999799
validation,validation_010,valid_background,4,50190,453,0.009025702331141661
validation,validation_010,valid_background,5,56815,93,0.0016368916659332924
validation,validation_010,valid_background,6,54138,2117,0.03910377184232886
validation,validation_010,valid_background,7,55723,9985,0.17918992157636882
validation,validation_010,valid_background,8,60836,7126,0.11713459136037872
validation,validation_010,valid_background,9,29850,5148,0.17246231155778893
validation,validation_010,ignore,6,504,0,0.0
validation,validation_010,ignore,7,262,0,0.0
validation,validation_010,ignore,8,77,0,0.0
validation,validation_011,valid_positive,1,434,0,0.0
validation,validation_011,valid_positive,2,1251,0,0.0
validation,validation_011,valid_positive,3,923,670,0.7258938244853738
validation,validation_011,valid_positive,4,802,782,0.9750623441396509
validation,validation_011,valid_positive,5,825,806,0.9769696969696969
validation,validation_011,valid_positive,6,241,231,0.9585062240663901
validation,validation_011,valid_background,1,18818,50,0.002657030502710171
validation,validation_011,valid_background,2,47903,15,0.0003131327891781308
validation,validation_011,valid_background,3,51646,8537,0.1652983774154823
validation,validation_011,valid_background,4,53005,10527,0.1986039052919536
validation,validation_011,valid_background,5,51895,9188,0.1770498121206282
validation,validation_011,valid_background,6,56173,3404,0.06059850818008652
validation,validation_011,valid_background,7,55546,1196,0.021531703452993916
validation,validation_011,valid_background,8,53591,1269,0.023679349144445895
validation,validation_011,valid_background,9,31857,671,0.021062874721411308
validation,validation_011,ignore,1,184,0,0.0
validation,validation_011,ignore,2,171,0,0.0
validation,validation_011,ignore,3,186,95,0.510752688172043
validation,validation_011,ignore,4,291,211,0.7250859106529209
validation,validation_011,ignore,5,201,148,0.736318407960199
validation,validation_011,ignore,6,163,146,0.8957055214723927
validation,validation_012,valid_positive,3,809,366,0.45241038318912236
validation,validation_012,valid_positive,4,1243,727,0.584875301689461
validation,validation_012,valid_background,3,16472,2321,0.1409057795046139
validation,validation_012,valid_background,4,25184,6006,0.23848475222363405
validation,validation_012,valid_background,5,17626,6421,0.3642913877226824
validation,validation_012,valid_background,6,27785,12064,0.4341911103113191
validation,validation_012,valid_background,7,18625,7397,0.3971543624161074
validation,validation_012,valid_background,8,28515,8682,0.304471330878485
validation,validation_012,valid_background,9,11083,3334,0.30082107732563385
validation,validation_012,ignore,3,98,53,0.5408163265306123
validation,validation_012,ignore,4,120,77,0.6416666666666667
validation,validation_013,valid_positive,4,181,35,0.19337016574585636
validation,validation_013,valid_positive,5,504,329,0.6527777777777778
validation,validation_013,valid_positive,6,163,62,0.3803680981595092
validation,validation_013,valid_background,4,20659,769,0.03722348613195218
validation,validation_013,valid_background,5,19239,874,0.04542855657778471
validation,validation_013,valid_background,6,19085,1250,0.06549646319098769
validation,validation_013,valid_background,7,17859,885,0.049554846295985215
validation,validation_013,ignore,4,136,11,0.08088235294117647
validation,validation_013,ignore,5,113,60,0.5309734513274337
validation,validation_013,ignore,6,50,27,0.54
validation,validation_014,valid_background,4,17758,0,0.0
validation,validation_014,valid_background,5,17537,15,0.0008553344357643839
validation,validation_014,valid_background,6,18538,92,0.004962779156327543
validation,validation_014,valid_background,7,17711,12,0.0006775450285133532
validation,validation_015,valid_positive,5,703,0,0.0
validation,validation_015,valid_positive,6,1095,0,0.0
validation,validation_015,valid_positive,7,349,0,0.0
validation,validation_015,valid_background,2,18332,0,0.0
validation,validation_015,valid_background,3,37131,0,0.0
validation,validation_015,valid_background,4,29717,0,0.0
validation,validation_015,valid_background,5,29341,0,0.0
validation,validation_015,valid_background,6,38246,0,0.0
validation,validation_015,valid_background,7,25636,94,0.0036667186768606645
validation,validation_015,valid_background,8,25863,0,0.0
validation,validation_015,valid_background,9,18069,0,0.0
validation,validation_015,ignore,5,51,0,0.0
validation,validation_015,ignore,6,27,0,0.0
validation,validation_015,ignore,7,2,0,0.0
validation,validation_016,valid_positive,2,1976,0,0.0
validation,validation_016,valid_positive,3,1601,0,0.0
validation,validation_016,valid_positive,4,309,2,0.006472491909385114
validation,validation_016,valid_background,2,37646,2261,0.06005950167348457
validation,validation_016,valid_background,3,38803,1009,0.026003144086797412
validation,validation_016,valid_background,4,30104,244,0.008105235184693063
validation,validation_016,valid_background,5,42393,2815,0.06640247210624396
validation,validation_016,valid_background,6,43693,3593,0.08223285194424736
validation,validation_016,valid_background,7,43373,2737,0.06310377423742881
validation,validation_016,valid_background,8,10918,520,0.04762777065396593
validation,validation_016,ignore,2,90,0,0.0
validation,validation_016,ignore,3,271,0,0.0
validation,validation_017,valid_positive,2,96,45,0.46875
validation,validation_017,valid_positive,3,251,207,0.8247011952191236
validation,validation_017,valid_positive,4,370,295,0.7972972972972973
validation,validation_017,valid_positive,5,324,287,0.8858024691358025
validation,validation_017,valid_positive,6,334,325,0.9730538922155688
validation,validation_017,valid_positive,7,115,28,0.24347826086956523
validation,validation_017,valid_background,2,8382,856,0.10212359818659031
validation,validation_017,valid_background,3,27724,2525,0.09107632376280479
validation,validation_017,valid_background,4,31387,2792,0.08895402555198012
validation,validation_017,valid_background,5,31896,2205,0.06913092550790068
validation,validation_017,valid_background,6,31723,2513,0.07921697191312298
validation,validation_017,valid_background,7,30217,2830,0.09365588906906708
validation,validation_017,ignore,2,88,26,0.29545454545454547
validation,validation_017,ignore,3,311,219,0.7041800643086816
validation,validation_017,ignore,4,233,183,0.7854077253218884
validation,validation_017,ignore,5,257,231,0.8988326848249028
validation,validation_017,ignore,6,236,205,0.8686440677966102
validation,validation_017,ignore,7,84,41,0.4880952380952381
validation,validation_018,valid_positive,6,1592,568,0.35678391959798994
validation,validation_018,valid_positive,7,1369,251,0.183345507669832
validation,validation_018,valid_background,2,19892,1692,0.08505932032978082
validation,validation_018,valid_background,3,28554,2675,0.09368214610912656
validation,validation_018,valid_background,4,29292,1894,0.06465929263962857
validation,validation_018,valid_background,5,29190,1445,0.049503254539225765
validation,validation_018,valid_background,6,27694,1232,0.04448617028959342
validation,validation_018,valid_background,7,19683,1148,0.05832444241223391
validation,validation_018,ignore,6,1281,89,0.06947697111631537
validation,validation_018,ignore,7,592,95,0.16047297297297297
