split,video_alias,gt_class,min_edge_distance,point_count_vote2plus,disagreement_count,disagreement_rate
train_sanity,train_sanity_fixed_001,valid_positive,0,209,128,0.6124401913875598
train_sanity,train_sanity_fixed_001,valid_positive,1,434,281,0.6474654377880185
train_sanity,train_sanity_fixed_001,valid_positive,2,565,307,0.5433628318584071
train_sanity,train_sanity_fixed_001,valid_positive,3,281,22,0.07829181494661921
train_sanity,train_sanity_fixed_001,valid_background,0,18394,2233,0.12139828204849408
train_sanity,train_sanity_fixed_001,valid_background,1,16807,1867,0.1110846671029928
train_sanity,train_sanity_fixed_001,valid_background,2,17249,2648,0.15351614586352832
train_sanity,train_sanity_fixed_001,valid_background,3,18022,2543,0.14110531572522472
train_sanity,train_sanity_fixed_001,ignore,0,43,30,0.6976744186046512
train_sanity,train_sanity_fixed_001,ignore,1,63,31,0.49206349206349204
train_sanity,train_sanity_random_001,valid_positive,0,603,3,0.004975124378109453
train_sanity,train_sanity_random_001,valid_positive,1,369,0,0.0
train_sanity,train_sanity_random_001,valid_positive,2,263,0,0.0
train_sanity,train_sanity_random_001,valid_positive,3,189,0,0.0
train_sanity,train_sanity_random_001,valid_background,0,20385,23,0.001128280598479274
train_sanity,train_sanity_random_001,valid_background,1,21103,92,0.004359569729422357
train_sanity,train_sanity_random_001,valid_background,2,21240,74,0.0034839924670433146
train_sanity,train_sanity_random_001,valid_background,3,20592,16,0.000777000777000777
train_sanity,train_sanity_random_001,ignore,0,1349,1,0.0007412898443291327
train_sanity,train_sanity_random_001,ignore,1,445,0,0.0
train_sanity,train_sanity_random_001,ignore,2,165,0,0.0
train_sanity,train_sanity_random_001,ignore,3,496,12,0.024193548387096774
train_sanity,train_sanity_random_002,valid_positive,0,573,197,0.343804537521815
train_sanity,train_sanity_random_002,valid_positive,1,661,210,0.3177004538577912
train_sanity,train_sanity_random_002,valid_positive,2,2437,541,0.22199425523184244
train_sanity,train_sanity_random_002,valid_positive,3,1386,476,0.3434343434343434
train_sanity,train_sanity_random_002,valid_background,0,19734,1025,0.051940812810378024
train_sanity,train_sanity_random_002,valid_background,1,19134,901,0.04708895160447371
train_sanity,train_sanity_random_002,valid_background,2,17788,518,0.02912075556554981
train_sanity,train_sanity_random_002,valid_background,3,17263,85,0.004923825522794416
train_sanity,train_sanity_random_002,ignore,0,221,40,0.18099547511312217
train_sanity,train_sanity_random_002,ignore,1,327,74,0.22629969418960244
train_sanity,train_sanity_random_002,ignore,2,17,1,0.058823529411764705
train_sanity,train_sanity_random_002,ignore,3,1310,348,0.26564885496183205
validation,validation_001,valid_positive,0,2512,0,0.0
validation,validation_001,valid_positive,1,2466,0,0.0
validation,validation_001,valid_positive,2,2379,0,0.0
validation,validation_001,valid_positive,3,2283,0,0.0
validation,validation_001,valid_background,0,231680,1040,0.004488950276243094
validation,validation_001,valid_background,1,232538,1098,0.004721808908651489
validation,validation_001,valid_background,2,232035,1111,0.004788070765186287
validation,validation_001,valid_background,3,232777,1082,0.004648225554930255
validation,validation_001,ignore,0,1538,0,0.0
validation,validation_001,ignore,1,1582,0,0.0
validation,validation_001,ignore,2,1671,0,0.0
validation,validation_001,ignore,3,1532,0,0.0
validation,validation_002,valid_positive,0,329,90,0.2735562310030395
validation,validation_002,valid_positive,1,346,113,0.3265895953757225
validation,validation_002,valid_positive,2,766,188,0.2454308093994778
validation,validation_002,valid_positive,3,762,272,0.3569553805774278
validation,validation_002,valid_background,0,19840,1495,0.07535282258064516
validation,validation_002,valid_background,1,19677,1628,0.08273618945977537
validation,validation_002,valid_background,2,18731,1679,0.08963749933265709
validation,validation_002,valid_background,3,17429,1341,0.07694073096563199
validation,validation_002,ignore,0,78,18,0.23076923076923078
validation,validation_002,ignore,1,132,33,0.25
validation,validation_002,ignore,2,141,49,0.3475177304964539
validation,validation_002,ignore,3,221,152,0.6877828054298643
validation,validation_003,valid_positive,0,1229,0,0.0
validation,validation_003,valid_positive,1,1313,0,0.0
validation,validation_003,valid_positive,2,1223,0,0.0
validation,validation_003,valid_positive,3,1386,0,0.0
validation,validation_003,valid_background,0,34272,17,0.000496031746031746
validation,validation_003,valid_background,1,34600,16,0.00046242774566473987
validation,validation_003,valid_background,2,35000,29,0.0008285714285714286
validation,validation_003,valid_background,3,35342,22,0.0006224888234961235
validation,validation_003,ignore,0,203,0,0.0
validation,validation_003,ignore,1,213,0,0.0
validation,validation_003,ignore,2,214,0,0.0
validation,validation_004,valid_positive,0,656,0,0.0
validation,validation_004,valid_positive,1,724,22,0.03038674033149171
validation,validation_004,valid_positive,2,554,29,0.052346570397111915
validation,validation_004,valid_positive,3,1035,40,0.03864734299516908
validation,validation_004,valid_background,0,20794,479,0.023035491007021257
validation,validation_004,valid_background,1,19918,562,0.028215684305653178
validation,validation_004,valid_background,2,20521,563,0.027435310170069685
validation,validation_004,valid_background,3,20149,574,0.02848776614224031
validation,validation_004,ignore,0,286,0,0.0
validation,validation_004,ignore,1,360,0,0.0
validation,validation_004,ignore,2,244,0,0.0
validation,validation_004,ignore,3,421,0,0.0
validation,validation_005,valid_positive,0,493,186,0.3772819472616633
validation,validation_005,valid_positive,1,644,146,0.2267080745341615
validation,validation_005,valid_positive,2,597,184,0.3082077051926298
validation,validation_005,valid_positive,3,574,161,0.2804878048780488
validation,validation_005,valid_background,0,19593,4564,0.23294033583422652
validation,validation_005,valid_background,1,19631,4782,0.24359431511385055
validation,validation_005,valid_background,2,19695,4735,0.2404163493272404
validation,validation_005,valid_background,3,18496,4803,0.25967776816608995
validation,validation_005,ignore,0,61,4,0.06557377049180328
validation,validation_005,ignore,3,15,4,0.26666666666666666
validation,validation_006,valid_positive,0,1265,0,0.0
validation,validation_006,valid_positive,1,1601,0,0.0
validation,validation_006,valid_positive,2,1313,0,0.0
validation,validation_006,valid_positive,3,1218,0,0.0
validation,validation_006,valid_background,0,51981,147,0.002827956368673169
validation,validation_006,valid_background,1,51569,90,0.0017452345401306987
validation,validation_006,valid_background,2,52865,138,0.0026104227749929065
validation,validation_006,valid_background,3,52130,107,0.002052560905428736
validation,validation_006,ignore,0,184,0,0.0
validation,validation_006,ignore,2,313,0,0.0
validation,validation_006,ignore,3,415,0,0.0
validation,validation_007,valid_background,0,96919,3450,0.035596735418235846
validation,validation_007,valid_background,1,95195,3433,0.03606281842533746
validation,validation_007,valid_background,2,93700,3492,0.03726787620064034
validation,validation_007,valid_background,3,92639,2837,0.030624251125335983
validation,validation_008,valid_positive,0,1229,176,0.14320585842148087
validation,validation_008,valid_positive,1,1158,173,0.14939550949913644
validation,validation_008,valid_positive,2,1199,171,0.14261884904086738
validation,validation_008,valid_positive,3,806,238,0.29528535980148884
validation,validation_008,valid_background,0,41180,3000,0.07285089849441477
validation,validation_008,valid_background,1,42347,3051,0.07204760667815902
validation,validation_008,valid_background,2,41440,2890,0.06973938223938224
validation,validation_008,valid_background,3,42469,3301,0.07772728343026679
validation,validation_008,ignore,0,48,0,0.0
validation,validation_009,valid_positive,0,1542,52,0.03372243839169909
validation,validation_009,valid_positive,1,1420,26,0.018309859154929577
validation,validation_009,valid_positive,2,1758,27,0.015358361774744027
validation,validation_009,valid_positive,3,1419,48,0.03382663847780127
validation,validation_009,valid_background,0,128832,8623,0.06693212866368604
validation,validation_009,valid_background,1,126785,8649,0.0682178491146429
validation,validation_009,valid_background,2,125272,7680,0.0613065968452647
validation,validation_009,valid_background,3,128409,7280,0.05669384544697023
validation,validation_009,ignore,0,272,2,0.007352941176470588
validation,validation_009,ignore,1,306,20,0.06535947712418301
validation,validation_009,ignore,2,225,0,0.0
validation,validation_009,ignore,3,362,2,0.0055248618784530384
validation,validation_010,valid_positive,0,1005,0,0.0
validation,validation_010,valid_positive,1,1150,0,0.0
validation,validation_010,valid_positive,2,558,0,0.0
validation,validation_010,valid_positive,3,512,0,0.0
validation,validation_010,valid_background,0,105973,11771,0.11107546261783662
validation,validation_010,valid_background,1,105040,12028,0.1145087585681645
validation,validation_010,valid_background,2,107046,12337,0.1152495188984175
validation,validation_010,valid_background,3,107588,11749,0.10920362865747109
validation,validation_010,ignore,0,290,0,0.0
validation,validation_010,ignore,1,348,0,0.0
validation,validation_010,ignore,2,113,0,0.0
validation,validation_010,ignore,3,92,0,0.0
validation,validation_011,valid_positive,0,1005,569,0.5661691542288557
validation,validation_011,valid_positive,1,1119,635,0.5674709562109026
validation,validation_011,valid_positive,2,1172,690,0.5887372013651877
validation,validation_011,valid_positive,3,1180,595,0.5042372881355932
validation,validation_011,valid_background,0,104726,8744,0.08349407024043695
validation,validation_011,valid_background,1,105744,8785,0.08307799969738236
validation,validation_011,valid_background,2,104912,8595,0.08192580448375782
validation,validation_011,valid_background,3,105052,8733,0.0831302593001561
validation,validation_011,ignore,0,427,202,0.47306791569086654
validation,validation_011,ignore,1,282,133,0.4716312056737589
validation,validation_011,ignore,2,185,79,0.42702702702702705
validation,validation_011,ignore,3,302,186,0.6158940397350994
validation,validation_012,valid_positive,0,387,173,0.4470284237726098
validation,validation_012,valid_positive,1,422,193,0.45734597156398105
validation,validation_012,valid_positive,2,506,271,0.5355731225296443
validation,validation_012,valid_positive,3,737,456,0.6187245590230664
validation,validation_012,valid_background,0,37247,12318,0.3307111982173061
validation,validation_012,valid_background,1,37481,12025,0.32082922013820336
validation,validation_012,valid_background,2,35723,10948,0.3064692215099516
validation,validation_012,valid_background,3,34839,10934,0.31384368093228854
validation,validation_012,ignore,0,34,25,0.7352941176470589
validation,validation_012,ignore,1,64,28,0.4375
validation,validation_012,ignore,2,37,28,0.7567567567567568
validation,validation_012,ignore,3,83,49,0.5903614457831325
validation,validation_013,valid_positive,0,77,0,0.0
validation,validation_013,valid_positive,1,104,35,0.33653846153846156
validation,validation_013,valid_positive,2,221,170,0.7692307692307693
validation,validation_013,valid_positive,3,446,221,0.49551569506726456
validation,validation_013,valid_background,0,18974,736,0.03878992305259829
validation,validation_013,valid_background,1,19544,918,0.04697093737208351
validation,validation_013,valid_background,2,18609,1140,0.06126068031597614
validation,validation_013,valid_background,3,19715,984,0.04991123510017753
validation,validation_013,ignore,1,136,11,0.08088235294117647
validation,validation_013,ignore,2,55,26,0.4727272727272727
validation,validation_013,ignore,3,108,61,0.5648148148148148
validation,validation_014,valid_background,0,17778,12,0.0006749915626054674
validation,validation_014,valid_background,1,17691,0,0.0
validation,validation_014,valid_background,2,18353,8,0.00043589603879474743
validation,validation_014,valid_background,3,17722,99,0.005586276943911522
validation,validation_015,valid_positive,0,682,0,0.0
validation,validation_015,valid_positive,1,550,0,0.0
validation,validation_015,valid_positive,2,482,0,0.0
validation,validation_015,valid_positive,3,433,0,0.0
validation,validation_015,valid_background,0,55924,0,0.0
validation,validation_015,valid_background,1,56429,55,0.0009746761417001896
validation,validation_015,valid_background,2,55934,39,0.0006972503307469518
validation,validation_015,valid_background,3,54048,0,0.0
validation,validation_015,ignore,0,2,0,0.0
validation,validation_015,ignore,1,23,0,0.0
validation,validation_015,ignore,2,24,0,0.0
validation,validation_015,ignore,3,31,0,0.0
validation,validation_016,valid_positive,0,858,2,0.002331002331002331
validation,validation_016,valid_positive,1,1068,0,0.0
validation,validation_016,valid_positive,2,932,0,0.0
validation,validation_016,valid_positive,3,1028,0,0.0
validation,validation_016,valid_background,0,62411,3281,0.05257086090593004
validation,validation_016,valid_background,1,61539,3234,0.05255204016964852
validation,validation_016,valid_background,2,61482,3154,0.05129956735304642
validation,validation_016,valid_background,3,61498,3510,0.05707502683014082
validation,validation_016,ignore,0,127,0,0.0
validation,validation_016,ignore,1,33,0,0.0
validation,validation_016,ignore,2,198,0,0.0
validation,validation_016,ignore,3,3,0,0.0
validation,validation_017,valid_positive,0,311,223,0.7170418006430869
validation,validation_017,valid_positive,1,360,278,0.7722222222222223
validation,validation_017,valid_positive,2,356,248,0.6966292134831461
validation,validation_017,valid_positive,3,463,438,0.9460043196544277
validation,validation_017,valid_background,0,39496,3339,0.08454020660320033
validation,validation_017,valid_background,1,40347,3492,0.08654918581307161
validation,validation_017,valid_background,2,40715,3479,0.08544762372589955
validation,validation_017,valid_background,3,40771,3411,0.08366240710308798
validation,validation_017,ignore,0,257,175,0.6809338521400778
validation,validation_017,ignore,1,203,157,0.7733990147783252
validation,validation_017,ignore,2,416,313,0.7524038461538461
validation,validation_017,ignore,3,333,260,0.7807807807807807
validation,validation_018,valid_positive,0,367,7,0.01907356948228883
validation,validation_018,valid_positive,1,1002,244,0.2435129740518962
validation,validation_018,valid_positive,2,1090,330,0.30275229357798167
validation,validation_018,valid_positive,3,502,238,0.47410358565737054
validation,validation_018,valid_background,0,39373,2671,0.06783836639321363
validation,validation_018,valid_background,1,38689,2214,0.05722556799090181
validation,validation_018,valid_background,2,37794,2185,0.05781340953590517
validation,validation_018,valid_background,3,38449,3016,0.0784415719524565
validation,validation_018,ignore,1,592,95,0.16047297297297297
validation,validation_018,ignore,2,455,42,0.09230769230769231
validation,validation_018,ignore,3,826,47,0.05690072639225181
