split,video_alias,gt_class,point_count_vote2plus,all_negative_count,all_positive_count,disagreement_count,disagreement_rate,disagreement_mean_aggregation_background_count,positive_vote_ratio_p50,positive_vote_ratio_p90
train_sanity,train_sanity_fixed_001,valid_positive,1489,743,8,738,0.4956346541302888,674,0.5,0.5
train_sanity,train_sanity_fixed_001,valid_background,70472,60245,936,9291,0.13183959586786242,8512,0.0,0.5
train_sanity,train_sanity_fixed_001,ignore,106,45,0,61,0.5754716981132075,61,0.5,0.5
train_sanity,train_sanity_random_001,valid_positive,1424,1421,0,3,0.002106741573033708,3,0.0,0.0
train_sanity,train_sanity_random_001,valid_background,83320,83115,0,205,0.002460393662986078,205,0.0,0.0
train_sanity,train_sanity_random_001,ignore,2455,2442,0,13,0.005295315682281059,13,0.0,0.0
train_sanity,train_sanity_random_002,valid_positive,5057,3633,0,1424,0.28158987542020963,1424,0.0,0.5
train_sanity,train_sanity_random_002,valid_background,73919,71390,0,2529,0.03421312517755922,2529,0.0,0.0
train_sanity,train_sanity_random_002,ignore,1875,1412,0,463,0.24693333333333334,463,0.0,0.5
validation,validation_001,valid_positive,9640,9640,0,0,0.0,0,0.0,0.0
validation,validation_001,valid_background,929030,924445,254,4331,0.004661851608667104,4084,0.0,0.0
validation,validation_001,ignore,6323,6323,0,0,0.0,0,0.0,0.0
validation,validation_002,valid_positive,2203,1326,214,663,0.300953245574217,527,0.0,0.5
validation,validation_002,valid_background,75677,68795,739,6143,0.08117393659896666,4939,0.0,0.0
validation,validation_002,ignore,572,280,40,252,0.4405594405594406,233,0.5,0.5
validation,validation_003,valid_positive,5151,5151,0,0,0.0,0,0.0,0.0
validation,validation_003,valid_background,139214,139130,0,84,0.0006033875903285589,84,0.0,0.0
validation,validation_003,ignore,630,630,0,0,0.0,0,0.0,0.0
validation,validation_004,valid_positive,2969,2852,26,91,0.0306500505220613,59,0.0,0.0
validation,validation_004,valid_background,81382,79154,50,2178,0.02676267479295176,2142,0.0,0.0
validation,validation_004,ignore,1311,1311,0,0,0.0,0,0.0,0.0
validation,validation_005,valid_positive,2308,1530,101,677,0.29332755632582325,472,0.0,0.5
validation,validation_005,valid_background,77415,57272,1259,18884,0.2439320545113996,17921,0.0,0.5
validation,validation_005,ignore,76,68,0,8,0.10526315789473684,5,0.0,0.25
validation,validation_006,valid_positive,5397,5397,0,0,0.0,0,0.0,0.0
validation,validation_006,valid_background,208545,208063,0,482,0.0023112517682035054,482,0.0,0.0
validation,validation_006,ignore,912,912,0,0,0.0,0,0.0,0.0
validation,validation_007,valid_positive,0,0,0,0,0.0,0,,
validation,validation_007,valid_background,378453,365230,11,13212,0.03491054371348622,13144,0.0,0.0
validation,validation_007,ignore,0,0,0,0,0.0,0,,
validation,validation_008,valid_positive,4392,3634,0,758,0.1725865209471767,758,0.0,0.5
validation,validation_008,valid_background,167436,155194,0,12242,0.07311450345206527,12242,0.0,0.0
validation,validation_008,ignore,48,48,0,0,0.0,0,0.0,0.0
validation,validation_009,valid_positive,6139,5986,0,153,0.024922625834826517,153,0.0,0.0
validation,validation_009,valid_background,509298,477049,17,32232,0.0632871128494516,32051,0.0,0.0
validation,validation_009,ignore,1165,1141,0,24,0.020600858369098713,24,0.0,0.0
validation,validation_010,valid_positive,3225,3225,0,0,0.0,0,0.0,0.0
validation,validation_010,valid_background,425647,376039,1723,47885,0.11249932455767338,43739,0.0,0.5
validation,validation_010,ignore,843,843,0,0,0.0,0,0.0,0.0
validation,validation_011,valid_positive,4476,1976,11,2489,0.5560768543342269,2466,0.5,0.5
validation,validation_011,valid_background,420434,385318,259,34857,0.0829071863835941,34229,0.0,0.0
validation,validation_011,ignore,1196,561,35,600,0.5016722408026756,583,0.5,0.5
validation,validation_012,valid_positive,2052,470,489,1093,0.5326510721247564,771,0.5,1.0
validation,validation_012,valid_background,145290,92512,6553,46225,0.3181567898685388,39809,0.0,0.5
validation,validation_012,ignore,218,55,33,130,0.5963302752293578,111,0.5,1.0
validation,validation_013,valid_positive,848,422,0,426,0.5023584905660378,425,0.5,0.5
validation,validation_013,valid_background,76842,73064,0,3778,0.04916582077509695,3775,0.0,0.0
validation,validation_013,ignore,299,201,0,98,0.3277591973244147,98,0.0,0.5
validation,validation_014,valid_positive,0,0,0,0,0.0,0,,
validation,validation_014,valid_background,71544,71425,0,119,0.0016633120876663311,119,0.0,0.0
validation,validation_014,ignore,0,0,0,0,0.0,0,,
validation,validation_015,valid_positive,2147,2147,0,0,0.0,0,0.0,0.0
validation,validation_015,valid_background,222335,222241,0,94,0.00042278543639103156,94,0.0,0.0
validation,validation_015,ignore,80,80,0,0,0.0,0,0.0,0.0
validation,validation_016,valid_positive,3886,3884,0,2,0.000514668039114771,2,0.0,0.0
validation,validation_016,valid_background,246930,233251,500,13179,0.05337140080184668,12738,0.0,0.0
validation,validation_016,ignore,361,361,0,0,0.0,0,0.0,0.0
validation,validation_017,valid_positive,1490,187,116,1187,0.7966442953020134,894,0.5,0.5
validation,validation_017,valid_background,161329,145591,2017,13721,0.08504980505674739,12119,0.0,0.0
validation,validation_017,ignore,1209,271,33,905,0.7485525227460711,768,0.5,0.5
validation,validation_018,valid_positive,2961,2130,12,819,0.2765957446808511,804,0.0,0.5
validation,validation_018,valid_background,154305,143050,1169,10086,0.06536405171575775,9076,0.0,0.0
validation,validation_018,ignore,1873,1663,26,184,0.0982381206620395,149,0.0,0.5
