split,video_alias,category,point_count,overlap_point_count,overlap_point_rate,suppressed_positive_count,mean_probability_mean,std_probability_mean,range_probability_mean,std_probability_p50,std_probability_p90,std_probability_p95,std_probability_p99,range_probability_p50,range_probability_p90,range_probability_p95,range_probability_p99
train_sanity,train_sanity_fixed_001,valid_positive,1661,1489,0.8964479229379891,674,0.3302482777930603,0.15059002420726506,0.3011800484145301,0.1715708151459694,0.2624758183956146,0.27589283511042595,0.30293381512165096,0.3431416302919388,0.5249516367912292,0.5517856702208519,0.6058676302433019
train_sanity,train_sanity_fixed_001,valid_background,186534,70472,0.3777970772084446,8512,0.14939439667591095,0.027650866142852577,0.05530173228570515,0.0,0.11003865934908393,0.19929228513501585,0.2900652572698892,0.0,0.22007731869816785,0.3985845702700317,0.5801305145397784
train_sanity,train_sanity_fixed_001,ignore,106,106,1.0,61,0.29306540000340287,0.21247853368591024,0.4249570673718205,0.22436709003522992,0.2824080577120185,0.2982917674817145,0.30792837967164816,0.44873418007045984,0.564816115424037,0.596583534963429,0.6158567593432963
train_sanity,train_sanity_fixed_001,all_valid,188195,71961,0.38237466457663594,9186,0.15099060431445385,0.028735921226914263,0.057471842453828526,0.0,0.11746274456381804,0.20501586254686113,0.2903502397239208,0.0,0.23492548912763608,0.41003172509372227,0.5807004794478416
train_sanity,train_sanity_fixed_001,vote_count_1,116234,0,0.0,0,0.15934729120941896,0.0,0.0,0.0,0.0,0.0,0.0,0.0,0.0,0.0,0.0
train_sanity,train_sanity_fixed_001,vote_count_2plus,72067,72067,1.0,9247,0.13772140736985589,0.0753532049324911,0.1507064098649822,0.0307526970282197,0.22855815663933754,0.2655294511467218,0.31209917783737146,0.0615053940564394,0.4571163132786751,0.5310589022934435,0.6241983556747429
train_sanity,train_sanity_random_001,valid_positive,1859,1424,0.766003227541689,3,0.09367812089591962,0.056241177701285575,0.11248235540257115,0.047560978680849075,0.13919552247971298,0.1598747157491743,0.193706326186657,0.09512195736169815,0.27839104495942596,0.3197494314983486,0.387412652373314
train_sanity,train_sanity_random_001,valid_background,206001,83320,0.4044640559997282,205,0.07849487697230867,0.013414046241222636,0.026828092482445273,0.0,0.0403459258377552,0.07468984462320805,0.15599447675049305,0.0,0.0806918516755104,0.1493796892464161,0.3119889535009861
train_sanity,train_sanity_random_001,ignore,2879,2455,0.8527266411948593,13,0.06877094042688328,0.03586024486211676,0.07172048972423352,0.02058033086359501,0.09208778832107802,0.14767444096505639,0.19462529061362135,0.04116066172719002,0.18417557664215603,0.29534888193011277,0.3892505812272427
train_sanity,train_sanity_random_001,all_valid,207860,84744,0.4076974886943135,208,0.0786306686130957,0.01379707153413256,0.02759414306826512,0.0,0.04183220919221641,0.07764423666521902,0.15762212330475456,0.0,0.08366441838443282,0.15528847333043805,0.3152442466095091
train_sanity,train_sanity_random_001,vote_count_1,123540,0,0.0,0,0.08356964947062583,0.0,0.0,0.0,0.0,0.0,0.0,0.0,0.0,0.0,0.0
train_sanity,train_sanity_random_001,vote_count_2plus,87199,87199,1.0,221,0.07130778816048298,0.03407264915931178,0.06814529831862357,0.018894242122769356,0.08938789218664168,0.12608167221769684,0.18923923126421885,0.03778848424553871,0.17877578437328337,0.2521633444353937,0.3784784625284377
train_sanity,train_sanity_random_002,valid_positive,6236,5057,0.8109364977549711,1424,0.2381645291927196,0.1170679767065902,0.2341359534131804,0.1076340414583683,0.24267829861491919,0.2621320872567594,0.2942062556743621,0.2152680829167366,0.48535659722983837,0.5242641745135188,0.5884125113487242
train_sanity,train_sanity_random_002,valid_background,225043,73919,0.3284661153646192,2529,0.09239560118239164,0.014292734090955807,0.028585468181911614,0.0,0.03961851559579375,0.10033578444272273,0.21764132887124965,0.0,0.0792370311915875,0.20067156888544546,0.4352826577424993
train_sanity,train_sanity_random_002,ignore,1981,1875,0.9464916708732963,463,0.20836874955051224,0.13563162956484592,0.27126325912969185,0.13113302551209927,0.25421507470309734,0.28075320087373257,0.2956180471926928,0.26226605102419853,0.5084301494061947,0.5615064017474651,0.5912360943853856
train_sanity,train_sanity_random_002,all_valid,231279,78976,0.34147501502514277,3953,0.09632598411846627,0.017063873766201273,0.034127747532402546,0.0,0.05381948575377468,0.12019739709794519,0.23569454004988077,0.0,0.10763897150754936,0.24039479419589038,0.47138908009976155
train_sanity,train_sanity_random_002,vote_count_1,152409,0,0.0,0,0.09666478308431622,0.0,0.0,0.0,0.0,0.0,0.0,0.0,0.0,0.0,0.0
train_sanity,train_sanity_random_002,vote_count_2plus,80851,80851,1.0,4416,0.09843258399644747,0.052135433314878285,0.10427086662975657,0.018673446029424667,0.16080398112535477,0.2164596226066351,0.2721238089725375,0.037346892058849335,0.32160796225070953,0.4329192452132702,0.544247617945075
validation,validation_001,valid_positive,9640,9640,1.0,0,0.04943781364279223,0.019258394210813837,0.03851678842162767,0.012650883290916681,0.04381071086972953,0.04901579120196401,0.08465674879029395,0.025301766581833363,0.08762142173945905,0.09803158240392802,0.1693134975805879
validation,validation_001,valid_background,1017192,929030,0.9133280639250013,4084,0.04619599398272043,0.018474674943235844,0.03694934988647169,0.00703986082226038,0.05014315568841994,0.0628627778030931,0.1369789461977779,0.01407972164452076,0.10028631137683988,0.1257255556061862,0.2739578923955558
validation,validation_001,ignore,6323,6323,1.0,0,0.051574286232520826,0.025168092634600164,0.05033618526920033,0.019324242137372494,0.050012020766735076,0.0571638514753431,0.11844185803085565,0.03864848427474499,0.10002404153347015,0.1143277029506862,0.2368837160617113
validation,validation_001,all_valid,1026832,938670,0.9141417486015239,4084,0.046226428505138015,0.018482032576947544,0.03696406515389509,0.007093325490131974,0.05004511214792729,0.06272198269143694,0.1364992075506596,0.014186650980263948,0.10009022429585458,0.1254439653828739,0.2729984151013192
validation,validation_001,vote_count_1,88162,0,0.0,0,0.013277807489358822,0.0,0.0,0.0,0.0,0.0,0.0,0.0,0.0,0.0,0.0
validation,validation_001,vote_count_2plus,944993,944993,1.0,4084,0.04933611379423896,0.02025102865818136,0.04050205731636272,0.008627061732113361,0.05165960118174554,0.06488190460950136,0.14111254453659033,0.017254123464226723,0.10331920236349108,0.1297638092190027,0.28222508907318067
validation,validation_002,valid_positive,3105,2203,0.7095008051529791,527,0.35504446107138327,0.06555231740959169,0.13110463481918339,0.04164403676986694,0.1735630616545677,0.2143801176920533,0.25857250444591046,0.08328807353973389,0.3471261233091354,0.4287602353841066,0.5171450088918209
validation,validation_002,valid_background,191421,75677,0.3953432486508795,4939,0.1490637910593391,0.020044762243615347,0.040089524487230695,0.0,0.07559842243790627,0.130836121737957,0.2227551870048043,0.0,0.15119684487581253,0.261672243475914,0.4455103740096086
validation,validation_002,ignore,836,572,0.6842105263157895,233,0.3386631903024702,0.09398994147643874,0.1879798829528775,0.07946858834475279,0.2237907201051712,0.24155359715223312,0.2737320031970739,0.15893717668950558,0.4475814402103424,0.48310719430446625,0.5474640063941478
validation,validation_002,all_valid,194526,77880,0.40035779278862466,5466,0.1523516290881239,0.020771148221789763,0.04154229644357953,0.0,0.07951897755265236,0.13405740913003683,0.2248132792301476,0.0,0.15903795510530472,0.26811481826007366,0.4496265584602952
validation,validation_002,vote_count_1,116910,0,0.0,0,0.15682599044555642,0.0,0.0,0.0,0.0,0.0,0.0,0.0,0.0,0.0,0.0
validation,validation_002,vote_count_2plus,78452,78452,1.0,5699,0.14766926125655505,0.052504766864658374,0.10500953372931675,0.023433255963027477,0.15127440318465238,0.19143788665533062,0.2570976568385959,0.046866511926054955,0.30254880636930476,0.38287577331066125,0.5141953136771918
validation,validation_003,valid_positive,5483,5151,0.9394492066387015,0,0.0640328647960341,0.023606047384932122,0.047212094769864245,0.015450552105903625,0.056995620205998423,0.08068324029445646,0.1024899608641863,0.03090110421180725,0.11399124041199685,0.16136648058891293,0.2049799217283726
validation,validation_003,valid_background,240493,139214,0.5788692394373225,84,0.0648753946857868,0.018299277843613317,0.036598555687226635,0.0032366327941417694,0.058521006628870983,0.08032090142369269,0.11619350835680932,0.006473265588283539,0.11704201325774197,0.16064180284738538,0.23238701671361864
validation,validation_003,ignore,687,630,0.9170305676855895,0,0.07033593532408343,0.026787427388229226,0.05357485477645845,0.01763874664902687,0.07013705968856809,0.08316143006086331,0.09638828285038471,0.03527749329805374,0.14027411937713619,0.16632286012172662,0.19277656570076943
validation,validation_003,all_valid,245976,144365,0.5869068527010766,84,0.064856614026757,0.018417569942822388,0.036835139885644776,0.0036286059767007828,0.05847037024796009,0.08032479556277394,0.11572437337599695,0.0072572119534015656,0.11694074049592018,0.16064959112554789,0.2314487467519939
validation,validation_003,vote_count_1,101668,0,0.0,0,0.05816822623440006,0.0,0.0,0.0,0.0,0.0,0.0,0.0,0.0,0.0,0.0
validation,validation_003,vote_count_2plus,144995,144995,1.0,84,0.0695723580441687,0.03137131036843611,0.06274262073687221,0.021995998919010162,0.07550163120031357,0.09430763833224773,0.12866490669548508,0.043991997838020325,0.15100326240062714,0.18861527666449546,0.25732981339097016
validation,validation_004,valid_positive,4307,2969,0.6893429301137682,59,0.1705743448392754,0.03991197474540449,0.07982394949080898,0.024470388889312744,0.1077774427831173,0.13591180108487605,0.18910270445048757,0.04894077777862549,0.2155548855662346,0.2718236021697521,0.37820540890097515
validation,validation_004,valid_background,204874,81382,0.3972295166785439,2142,0.11466292633579994,0.019233355493274915,0.03846671098654983,0.0,0.06313402447849513,0.13070174045860705,0.21052530841901884,0.0,0.12626804895699026,0.2614034809172141,0.4210506168380377
validation,validation_004,ignore,1318,1311,0.9946889226100152,0,0.15174767847931825,0.04450634915780203,0.08901269831560406,0.03623222000896931,0.08987343981862067,0.11218726402148584,0.17623186662793144,0.07246444001793861,0.17974687963724134,0.22437452804297167,0.3524637332558629
validation,validation_004,all_valid,209181,84351,0.40324408048532134,2201,0.11581413260928783,0.019659124626795275,0.03931824925359055,0.0,0.06620588898658752,0.13100796937942505,0.21001328378915793,0.0,0.13241177797317505,0.2620159387588501,0.42002656757831586
validation,validation_004,vote_count_1,124837,0,0.0,0,0.11454164039753495,0.0,0.0,0.0,0.0,0.0,0.0,0.0,0.0,0.0,0.0
validation,validation_004,vote_count_2plus,85662,85662,1.0,2201,0.11822143717485126,0.048691073250071736,0.09738214650014347,0.024416305124759674,0.14698014631867434,0.18558297920972103,0.22963722284883262,0.04883261024951935,0.2939602926373487,0.37116595841944205,0.45927444569766523
validation,validation_005,valid_positive,3507,2308,0.6581123467351012,472,0.3144199042723097,0.060689509759431624,0.12137901951886325,0.04461028426885605,0.15289141386747362,0.16781392693519592,0.2005907246842981,0.0892205685377121,0.30578282773494725,0.33562785387039185,0.4011814493685962
validation,validation_005,valid_background,203198,77415,0.3809830805421313,17921,0.18844170704009602,0.03815027052012329,0.07630054104024658,0.0,0.1711094187572599,0.21330228922888633,0.26836378511041403,0.0,0.3422188375145198,0.42660457845777267,0.5367275702208281
validation,validation_005,ignore,278,76,0.2733812949640288,5,0.32492669599412155,0.022072182539448464,0.04414436507889693,0.0,0.10859718658030036,0.14451579004526127,0.16848686691373588,0.0,0.21719437316060072,0.28903158009052254,0.33697373382747176
validation,validation_005,all_valid,206705,79723,0.38568491328221377,18393,0.19057907932278573,0.0385326759385324,0.0770653518770648,0.0,0.1703073725104332,0.21256202794611442,0.2681676526367664,0.0,0.3406147450208664,0.42512405589222885,0.5363353052735328
validation,validation_005,vote_count_1,127184,0,0.0,0,0.18220647819979013,0.0,0.0,0.0,0.0,0.0,0.0,0.0,0.0,0.0,0.0
validation,validation_005,vote_count_2plus,79799,79799,1.0,18398,0.2043914020168258,0.09988888139726446,0.1997777627945289,0.0773808192461729,0.22523905634880056,0.25320028457790605,0.2765287704765797,0.1547616384923458,0.45047811269760113,0.5064005691558121,0.5530575409531594
validation,validation_006,valid_positive,5397,5397,1.0,0,0.08494692816403697,0.02352234972616713,0.04704469945233426,0.019567656330764294,0.04931570366024971,0.05274902619421482,0.05605249188840389,0.03913531266152859,0.09863140732049942,0.10549805238842964,0.11210498377680778
validation,validation_006,valid_background,326843,208545,0.6380586397750602,482,0.09462898485288544,0.022872013776155456,0.04574402755231091,0.008288178592920303,0.060065760603174555,0.08266392424702636,0.1555668170610444,0.016576357185840607,0.12013152120634911,0.16532784849405271,0.3111336341220888
validation,validation_006,ignore,912,912,1.0,0,0.09096926519353139,0.021237842942865796,0.04247568588573159,0.018359865993261337,0.04521218091249466,0.04970807726494968,0.053124907547608013,0.036719731986522675,0.09042436182498932,0.09941615452989935,0.10624981509521603
validation,validation_006,all_valid,332240,213942,0.6439381170238382,482,0.09447170680102619,0.02288257801622954,0.04576515603245908,0.008605300448834896,0.059733971953392036,0.0818674630252644,0.15454940116265772,0.017210600897669792,0.11946794390678407,0.1637349260505288,0.30909880232531545
validation,validation_006,vote_count_1,118298,0,0.0,0,0.11347318959899605,0.0,0.0,0.0,0.0,0.0,0.0,0.0,0.0,0.0,0.0
validation,validation_006,vote_count_2plus,214854,214854,1.0,482,0.0839946775682436,0.03547467877198467,0.07094935754396935,0.02721465192735195,0.07017727810889485,0.10397105906158675,0.18316360026597978,0.0544293038547039,0.1403545562177897,0.2079421181231735,0.36632720053195955
validation,validation_007,valid_positive,2297,0,0.0,0,0.03998414882121005,0.0,0.0,0.0,0.0,0.0,0.0,0.0,0.0,0.0,0.0
validation,validation_007,valid_background,465831,378453,0.8124255362996452,13144,0.06674347609308118,0.031234158923317268,0.062468317846634536,0.0077209994196891785,0.08242591004818678,0.1700493274256587,0.28038353752344847,0.015441998839378357,0.16485182009637356,0.3400986548513174,0.5607670750468969
validation,validation_007,ignore,821,0,0.0,0,0.026141619087445316,0.0,0.0,0.0,0.0,0.0,0.0,0.0,0.0,0.0,0.0
validation,validation_007,all_valid,468128,378453,0.808439144849272,13144,0.06661217402453692,0.03108089985091216,0.06216179970182432,0.007615752751007676,0.08189866114407772,0.16935924766585225,0.2802262547332793,0.015231505502015352,0.16379732228815544,0.3387184953317045,0.5604525094665586
validation,validation_007,vote_count_1,90496,0,0.0,0,0.04127539101641836,0.0,0.0,0.0,0.0,0.0,0.0,0.0,0.0,0.0,0.0
validation,validation_007,vote_count_2plus,378453,378453,1.0,13144,0.07258293179234256,0.03844556519675576,0.07689113039351152,0.013074131682515144,0.10693635344505308,0.19437798317521804,0.28730973310768604,0.02614826336503029,0.21387270689010615,0.3887559663504361,0.5746194662153721
validation,validation_008,valid_positive,4596,4392,0.9556135770234987,758,0.17790510174257032,0.07964368758986974,0.15928737517973948,0.05149996280670166,0.23581969924271107,0.25041960179805756,0.28150634495541454,0.10299992561340332,0.47163939848542213,0.5008392035961151,0.5630126899108291
validation,validation_008,valid_background,282683,167436,0.5923101141561395,12242,0.08237325500995916,0.02804061717909577,0.05608123435819154,0.0023190435022115707,0.07342169582843783,0.20287607014179138,0.2761377092264592,0.0046380870044231415,0.14684339165687565,0.40575214028358275,0.5522754184529184
validation,validation_008,ignore,48,48,1.0,0,0.07683767603399853,0.011482724221423268,0.022965448442846537,0.010782957077026367,0.020132028497755527,0.021351764909923077,0.034243908897042284,0.021565914154052734,0.040264056995511055,0.04270352981984615,0.06848781779408457
validation,validation_008,all_valid,287279,171828,0.5981223827707559,13000,0.0839016102589787,0.028866182958731307,0.057732365917462614,0.0024939365684986115,0.08142022341489799,0.2068886619061231,0.2763059436157346,0.004987873136997223,0.16284044682979598,0.4137773238122462,0.5526118872314691
validation,validation_008,vote_count_1,115451,0,0.0,0,0.08679798397918324,0.0,0.0,0.0,0.0,0.0,0.0,0.0,0.0,0.0,0.0
validation,validation_008,vote_count_2plus,171876,171876,1.0,13000,0.08195411141554429,0.04825106090998161,0.09650212181996322,0.013745274394750595,0.18533621449023485,0.24830806825775653,0.28359749680384994,0.02749054878950119,0.3706724289804697,0.49661613651551306,0.5671949936076999
validation,validation_009,valid_positive,6139,6139,1.0,153,0.09977027942383418,0.05486986991161419,0.10973973982322838,0.020509653724730015,0.19007769636809826,0.21627028551883995,0.24252208195626734,0.04101930744946003,0.38015539273619653,0.4325405710376799,0.4850441639125347
validation,validation_009,valid_background,603803,509298,0.8434837190275636,32051,0.11519237134317577,0.0483334950298354,0.0966669900596708,0.02290455624461174,0.14924738444387925,0.20958064962178471,0.2727286536805332,0.04580911248922348,0.2984947688877585,0.41916129924356943,0.5454573073610663
validation,validation_009,ignore,1165,1165,1.0,24,0.08903387465869984,0.03885507817488052,0.07771015634976104,0.016824079677462578,0.1278818726539612,0.2012813664972782,0.23417686957865938,0.033648159354925156,0.2557637453079224,0.4025627329945564,0.46835373915731876
validation,validation_009,all_valid,609942,515437,0.8450590384003724,32204,0.11503714966260149,0.048399282933274154,0.09679856586654831,0.02284115692600608,0.1500370658934117,0.20973261557519426,0.27253769455477594,0.04568231385201216,0.3000741317868234,0.41946523115038853,0.5450753891095519
validation,validation_009,vote_count_1,94505,0,0.0,0,0.12139788293381458,0.0,0.0,0.0,0.0,0.0,0.0,0.0,0.0,0.0,0.0
validation,validation_009,vote_count_2plus,516602,516602,1.0,32228,0.11381490330433044,0.057231721125665096,0.11446344225133019,0.031876340508461,0.16878623068332674,0.218270800448954,0.27623419247567654,0.063752681016922,0.3375724613666535,0.436541600897908,0.5524683849513531
validation,validation_010,valid_positive,3225,3225,1.0,0,0.08328194262806413,0.05889945538396868,0.11779891076793736,0.04237475898116827,0.12843210268765687,0.13819810412824152,0.16643094319850202,0.08474951796233654,0.25686420537531374,0.27639620825648303,0.33286188639700404
validation,validation_010,valid_background,516588,425647,0.8239583575305659,43739,0.13279075866596934,0.053269975087750686,0.10653995017550137,0.021681965794414282,0.17361565064638854,0.2244919868186116,0.2812280835770071,0.043363931588828564,0.3472313012927771,0.4489839736372232,0.5624561671540143
validation,validation_010,ignore,843,843,1.0,0,0.07015810361682202,0.04410925179759697,0.08821850359519394,0.032164352014660835,0.11464069485664367,0.1382664363831281,0.16061187488958242,0.06432870402932167,0.22928138971328735,0.2765328727662562,0.32122374977916485
validation,validation_010,all_valid,519813,428872,0.8250505470236412,43739,0.13248359833769313,0.05330490125149669,0.10660980250299339,0.021871792152523994,0.17303929068148133,0.2241892239078879,0.2810572472214699,0.04374358430504799,0.34607858136296266,0.4483784478157758,0.5621144944429398
validation,validation_010,vote_count_1,90941,0,0.0,0,0.09516551611441423,0.0,0.0,0.0,0.0,0.0,0.0,0.0,0.0,0.0,0.0
validation,validation_010,vote_count_2plus,429715,429715,1.0,43739,0.140258992083356,0.06456782922055229,0.12913565844110458,0.03301455080509186,0.19102105759084229,0.23293498111888764,0.285909789390862,0.06602910161018372,0.38204211518168457,0.46586996223777527,0.571819578781724
validation,validation_011,valid_positive,4758,4476,0.9407313997477932,2466,0.24413324654689147,0.14400780227627588,0.28801560455255176,0.17790209129452705,0.27838763222098356,0.3031187030486762,0.31451737429946663,0.3558041825890541,0.5567752644419671,0.6062374060973524,0.6290347485989333
validation,validation_011,valid_background,522828,420434,0.804153564843505,34229,0.12407602412904076,0.046547315542126426,0.09309463108425285,0.016961172688752413,0.1514607695862651,0.20685839019715782,0.2715706242993474,0.033922345377504826,0.3029215391725302,0.41371678039431564,0.5431412485986948
validation,validation_011,ignore,1245,1196,0.9606425702811245,583,0.2602212328052365,0.14118402056680265,0.2823680411336053,0.14642806351184845,0.2686986118555069,0.29986725486814975,0.31528337590396405,0.2928561270236969,0.5373972237110138,0.5997345097362995,0.6305667518079281
validation,validation_011,all_valid,527586,424910,0.8053852831576274,36695,0.12515875237479432,0.047426256597956344,0.09485251319591269,0.017239870503544807,0.15476063592359424,0.21249864157289267,0.2740324875339867,0.034479741007089615,0.3095212718471885,0.42499728314578533,0.5480649750679734
validation,validation_011,vote_count_1,102725,0,0.0,0,0.08319522382341549,0.0,0.0,0.0,0.0,0.0,0.0,0.0,0.0,0.0,0.0
validation,validation_011,vote_count_2plus,426106,426106,1.0,37278,0.13566988401475313,0.05913365012249315,0.1182673002449863,0.03024742566049099,0.17549447901546955,0.22852551471441984,0.2803448759019375,0.06049485132098198,0.3509889580309391,0.4570510294288397,0.560689751803875
validation,validation_012,valid_positive,2582,2052,0.7947327652982185,771,0.4636768096178557,0.06406713019526981,0.12813426039053963,0.041292183101177216,0.16034882664680483,0.23026859685778603,0.2907348175905645,0.08258436620235443,0.32069765329360966,0.46053719371557206,0.581469635181129
validation,validation_012,valid_background,233624,145290,0.621896722939424,39809,0.22025723985298548,0.06994400399020574,0.13988800798041148,0.017636209726333618,0.23335601463913921,0.2765709295868872,0.31274654107168315,0.035272419452667236,0.46671202927827843,0.5531418591737745,0.6254930821433663
validation,validation_012,ignore,318,218,0.6855345911949685,111,0.3994088272722262,0.09440300653471886,0.18880601306943773,0.055764973163604736,0.28162314016371964,0.29666731972247357,0.30993936343118544,0.11152994632720947,0.5632462803274393,0.5933346394449471,0.6198787268623709
validation,validation_012,all_valid,236206,147342,0.6237860172899926,40580,0.2229180923678788,0.06987976308125962,0.13975952616251924,0.018092382233589888,0.23285303823649883,0.27633374091237783,0.3126336606219411,0.036184764467179775,0.46570607647299767,0.5526674818247557,0.6252673212438822
validation,validation_012,vote_count_1,88964,0,0.0,0,0.16446418323604597,0.0,0.0,0.0,0.0,0.0,0.0,0.0,0.0,0.0,0.0
validation,validation_012,vote_count_2plus,147560,147560,1.0,40691,0.2585403316312561,0.11206315718656852,0.22412631437313704,0.08503063581883907,0.26586997359991077,0.2919447286054492,0.31812597025185824,0.17006127163767815,0.5317399471998215,0.5838894572108984,0.6362519405037165
validation,validation_013,valid_positive,848,848,1.0,425,0.2951074165560059,0.1395539077732466,0.2791078155464932,0.1500085350126028,0.23300390876829624,0.24559837970882653,0.25782881006598474,0.3000170700252056,0.4660078175365925,0.49119675941765306,0.5156576201319695
validation,validation_013,valid_background,202941,76842,0.3786420683844073,3775,0.09201987139765604,0.01882846148584564,0.03765692297169128,0.0,0.054653286933898926,0.10389245674014091,0.23146037012338638,0.0,0.10930657386779785,0.20778491348028183,0.46292074024677277
validation,validation_013,ignore,299,299,1.0,98,0.23480999091309948,0.10704594379272249,0.21409188758544498,0.09098307229578495,0.23671000450849533,0.24931553639471526,0.2661296347528695,0.1819661445915699,0.47342000901699066,0.49863107278943053,0.532259269505739
validation,validation_013,all_valid,203789,77690,0.3812276423163174,4200,0.09286495252712956,0.01933082019240839,0.03866164038481678,0.0,0.056131009012460716,0.10856082327663885,0.23296207517385478,0.0,0.11226201802492143,0.2171216465532777,0.46592415034770956
validation,validation_013,vote_count_1,126099,0,0.0,0,0.08635675210831076,0.0,0.0,0.0,0.0,0.0,0.0,0.0,0.0,0.0,0.0
validation,validation_013,vote_count_2plus,77989,77989,1.0,4298,0.10393214317055409,0.05092276158669475,0.1018455231733895,0.029886623844504356,0.14035042375326143,0.20287245251238342,0.2600956684350967,0.05977324768900871,0.28070084750652285,0.40574490502476684,0.5201913368701934
validation,validation_014,valid_positive,1778,0,0.0,0,0.020719190065291184,0.0,0.0,0.0,0.0,0.0,0.0,0.0,0.0,0.0,0.0
validation,validation_014,valid_background,175630,71544,0.40735637419575244,119,0.05078653937038715,0.007712493656879093,0.015424987313758185,0.0,0.026869946718215947,0.042375043174251906,0.07801001186482594,0.0,0.053739893436431894,0.08475008634850381,0.15602002372965187
validation,validation_014,ignore,277,0,0.0,0,0.023275412255998985,0.0,0.0,0.0,0.0,0.0,0.0,0.0,0.0,0.0,0.0
validation,validation_014,all_valid,177408,71544,0.40327380952380953,119,0.05048520151040079,0.007635198305362075,0.01527039661072415,0.0,0.026690878719091423,0.042168990476056926,0.07768839398864653,0.0,0.053381757438182846,0.08433798095211385,0.15537678797729307
validation,validation_014,vote_count_1,106141,0,0.0,0,0.05054315732816114,0.0,0.0,0.0,0.0,0.0,0.0,0.0,0.0,0.0,0.0
validation,validation_014,vote_count_2plus,71544,71544,1.0,119,0.05029387030056669,0.018933037864218873,0.03786607572843775,0.010819223709404469,0.04654891788959504,0.05541300522163507,0.10368284203112113,0.021638447418808937,0.09309783577919008,0.11082601044327015,0.20736568406224226
validation,validation_015,valid_positive,2147,2147,1.0,0,0.0387631222377104,0.010765492358918613,0.021530984717837227,0.008953299839049578,0.023856525495648387,0.030943248514085996,0.03856880741193889,0.017906599678099155,0.047713050991296774,0.06188649702817199,0.07713761482387778
validation,validation_015,valid_background,319089,222335,0.6967805220487074,94,0.0635280056285394,0.016198727537645407,0.032397455075290814,0.004794725216925144,0.0477474432438612,0.06250253450125455,0.11293086126446723,0.009589450433850288,0.0954948864877224,0.1250050690025091,0.22586172252893447
validation,validation_015,ignore,80,80,1.0,0,0.03385137473815121,0.010414246207801625,0.02082849241560325,0.0066569948103278875,0.024117073789238937,0.026599200395867228,0.04977916651405394,0.013313989620655775,0.048234147578477875,0.053198400791734456,0.09955833302810788
validation,validation_015,all_valid,321236,224482,0.6988071075470993,94,0.06336248805068354,0.016162414185690064,0.03232482837138013,0.004833148093894124,0.04763698624446988,0.06232922477647662,0.11278148340061349,0.009666296187788248,0.09527397248893976,0.12465844955295324,0.22556296680122698
validation,validation_015,vote_count_1,96754,0,0.0,0,0.09969883208155632,0.0,0.0,0.0,0.0,0.0,0.0,0.0,0.0,0.0,0.0
validation,validation_015,vote_count_2plus,224562,224562,1.0,94,0.04769622430424349,0.023124047804396815,0.04624809560879363,0.01220656605437398,0.05491268439218401,0.07249448047950857,0.12219054340384868,0.02441313210874796,0.10982536878436802,0.14498896095901714,0.24438108680769735
validation,validation_016,valid_positive,5069,3886,0.7666206352337739,2,0.06988416040107875,0.02343892326281224,0.04687784652562448,0.008875306695699692,0.06586461961269377,0.10369950979948037,0.15778789553791284,0.017750613391399384,0.13172923922538754,0.20739901959896073,0.3155757910758257
validation,validation_016,valid_background,395053,246930,0.6250553723171322,12738,0.1298528857771718,0.033606420724188735,0.06721284144837747,0.005741976201534271,0.11332790032029151,0.17002905718982184,0.2518158124387263,0.011483952403068542,0.22665580064058302,0.3400581143796437,0.5036316248774526
validation,validation_016,ignore,442,361,0.8167420814479638,0,0.05372422620152625,0.016679444298679135,0.03335888859735827,0.015451756305992603,0.03410047059878707,0.03962102066725492,0.06105160765349864,0.030903512611985207,0.06820094119757414,0.07924204133450984,0.12210321530699728
validation,validation_016,all_valid,400122,250816,0.6268488111126107,12740,0.12909316382004019,0.03347761239914858,0.06695522479829716,0.0057953037321567535,0.11275295913219462,0.16923213079571717,0.2513223054632543,0.011590607464313507,0.22550591826438923,0.33846426159143433,0.5026446109265086
validation,validation_016,vote_count_1,149387,0,0.0,0,0.15233660158268486,0.0,0.0,0.0,0.0,0.0,0.0,0.0,0.0,0.0,0.0
validation,validation_016,vote_count_2plus,251177,251177,1.0,12740,0.11513654953021434,0.053358792973688444,0.10671758594737689,0.026644746772944927,0.15213979855179782,0.19975737929344173,0.26682813540101025,0.053289493545889854,0.30427959710359564,0.39951475858688346,0.5336562708020205
validation,validation_017,valid_positive,1612,1490,0.924317617866005,894,0.3825700944922194,0.15914367316735598,0.31828734633471195,0.14496327936649323,0.28926836801692846,0.29286312772892414,0.29824414394795895,0.28992655873298645,0.5785367360338569,0.5857262554578483,0.5964882878959179
validation,validation_017,valid_background,293521,161329,0.5496335866939673,12119,0.1315731238416793,0.03265234290106627,0.06530468580213254,0.002711459994316101,0.12035894021391869,0.1822513435035944,0.25903940647840495,0.005422919988632202,0.24071788042783737,0.3645026870071888,0.5180788129568099
validation,validation_017,ignore,1285,1209,0.9408560311284047,768,0.360445132220693,0.15644648983270104,0.3128929796654021,0.1477615237236023,0.2780669316649437,0.28262043856084346,0.2897803558036685,0.2955230474472046,0.5561338633298873,0.5652408771216869,0.579560711607337
validation,validation_017,all_valid,295133,162819,0.5516800899933251,13013,0.13294405530880993,0.03334323149837413,0.06668646299674826,0.0028472021222114563,0.12290904317051171,0.18528556302189786,0.26422381862998007,0.005694404244422913,0.24581808634102342,0.3705711260437957,0.5284476372599601
validation,validation_017,vote_count_1,132390,0,0.0,0,0.12499740172215681,0.0,0.0,0.0,0.0,0.0,0.0,0.0,0.0,0.0,0.0
validation,validation_017,vote_count_2plus,164028,164028,1.0,13781,0.1411401947006746,0.061219558131810854,0.12243911626362171,0.028258061967790127,0.179172036703676,0.22759239366278047,0.2793295125477017,0.056516123935580254,0.358344073407352,0.45518478732556095,0.5586590250954034
validation,validation_018,valid_positive,2961,2961,1.0,804,0.29900764194730767,0.08324385510253689,0.16648771020507377,0.08173464983701706,0.15280696004629135,0.17515768855810165,0.20157812312245374,0.16346929967403412,0.3056139200925827,0.3503153771162033,0.4031562462449075
validation,validation_018,valid_background,311438,154305,0.49545977048401285,9076,0.13224209985880322,0.025395733154292163,0.050791466308584325,0.0,0.09247742295265193,0.1403996879234909,0.2195218486711383,0.0,0.18495484590530387,0.2807993758469818,0.4390436973422766
validation,validation_018,ignore,1873,1873,1.0,149,0.2147879903063027,0.07083606506954905,0.1416721301390981,0.05543690174818039,0.16121443957090378,0.17833075821399685,0.19962851140648125,0.11087380349636078,0.32242887914180757,0.3566615164279937,0.3992570228129625
validation,validation_018,all_valid,314399,157266,0.5002115146676676,9880,0.13381269254556133,0.025940544966952996,0.05188108993390599,1.2167729437351227e-05,0.09479457549750805,0.14124344093725086,0.21920453533530299,2.4335458874702454e-05,0.1895891509950161,0.2824868818745017,0.43840907067060597
validation,validation_018,vote_count_1,157133,0,0.0,0,0.12701843300122456,0.0,0.0,0.0,0.0,0.0,0.0,0.0,0.0,0.0,0.0
validation,validation_018,vote_count_2plus,159139,159139,1.0,10029,0.1414743538459725,0.05208250238433269,0.10416500476866539,0.027532801032066345,0.14167919382452968,0.1789863349869848,0.23997638341039418,0.05506560206413269,0.28335838764905935,0.3579726699739696,0.47995276682078836
