split,video_alias,target_point_count,predicted_positive_count,predicted_positive_rate,prob_femur_mean,prob_femur_p50,prob_femur_p90,prob_femur_p95,prob_femur_p99,point_count,ignore_point_count,bbox_inside_point_count,bbox_noncontour_target_point_count,stray_ignore_outside_bbox_count,policy,converted_point_count
train_sanity,train_sanity_fixed_001,106,11,0.10377358490566038,0.3444567620754242,0.34054094552993774,0.4961906373500824,0.5266445279121399,0.5655047297477722,188301,106,1767,106,0,bbox_noncontour_background,106
train_sanity,train_sanity_random_001,2879,985,0.34213268496005556,0.3842841684818268,0.43354111909866333,0.6013715267181396,0.6285701990127563,0.6616938710212708,210739,2879,4727,2879,0,bbox_noncontour_background,2879
train_sanity,train_sanity_random_002,1981,1030,0.5199394245330641,0.4976896047592163,0.5082191228866577,0.6589528918266296,0.6762697696685791,0.6933279037475586,233260,1981,8217,1981,0,bbox_noncontour_background,1981
validation,validation_001,6323,1622,0.25652380199272495,0.39624351263046265,0.39928507804870605,0.5882241129875183,0.6276453733444214,0.6632760167121887,1033155,6323,15963,6323,0,bbox_noncontour_background,6323
validation,validation_002,836,262,0.3133971291866029,0.4008869230747223,0.4108964502811432,0.619589626789093,0.6488169431686401,0.689078688621521,195362,836,3941,836,0,bbox_noncontour_background,836
validation,validation_003,687,190,0.2765647743813683,0.4009089767932892,0.3830822706222534,0.6372312307357788,0.6625456809997559,0.6991985440254211,246663,687,6170,687,0,bbox_noncontour_background,687
validation,validation_004,1318,22,0.01669195751138088,0.3108518719673157,0.32106053829193115,0.44599732756614685,0.47020164132118225,0.518226146697998,210499,1318,5625,1318,0,bbox_noncontour_background,1318
validation,validation_005,278,0,0.0,0.14282327890396118,0.09815628826618195,0.3028210401535034,0.3457135856151581,0.3915348947048187,206983,278,3785,278,0,bbox_noncontour_background,278
validation,validation_006,912,0,0.0,0.0630812719464302,0.048046961426734924,0.11945878714323044,0.14626550674438477,0.20754703879356384,333152,912,6309,912,0,bbox_noncontour_background,912
validation,validation_007,821,66,0.08038976857490865,0.2801145911216736,0.2338554561138153,0.4681309461593628,0.5992944836616516,0.6825460195541382,468949,821,3118,821,0,bbox_noncontour_background,821
validation,validation_008,48,2,0.041666666666666664,0.19885681569576263,0.12014195322990417,0.4591815173625946,0.48131000995635986,0.5225968956947327,287327,48,4644,48,0,bbox_noncontour_background,48
validation,validation_009,1165,295,0.2532188841201717,0.4028792679309845,0.4116268754005432,0.579322099685669,0.6218312978744507,0.6861144304275513,611107,1165,7304,1165,0,bbox_noncontour_background,1165
validation,validation_010,837,282,0.33691756272401435,0.3547622859477997,0.34842926263809204,0.6202152371406555,0.6455454230308533,0.6683646440505981,520656,837,3962,837,0,bbox_noncontour_background,837
validation,validation_011,31,0,0.0,0.06535893678665161,0.0651731789112091,0.0721089169383049,0.07578802108764648,0.07967698574066162,426816,31,3539,31,0,bbox_noncontour_background,31
validation,validation_012,299,167,0.5585284280936454,0.4362213611602783,0.5682916641235352,0.6769755482673645,0.6909980773925781,0.7115516066551208,204088,299,1147,299,0,bbox_noncontour_background,299
validation,validation_013,714,136,0.19047619047619047,0.3259509801864624,0.3118171989917755,0.5710203647613525,0.5992657542228699,0.6600861549377441,218858,714,2554,714,0,bbox_noncontour_background,714
validation,validation_014,80,8,0.1,0.3289956748485565,0.30878084897994995,0.49806344509124756,0.5231508016586304,0.5528640747070312,321316,80,2227,80,0,bbox_noncontour_background,80
validation,validation_015,4689,470,0.10023459159735551,0.31064143776893616,0.30510205030441284,0.500194787979126,0.5448384284973145,0.6110387444496155,531517,4689,17208,4689,0,bbox_noncontour_background,4689
validation,validation_016,131,8,0.061068702290076333,0.3161895275115967,0.3133057951927185,0.4610744118690491,0.5019018054008484,0.5657598972320557,269638,131,2946,131,0,bbox_noncontour_background,131
validation,validation_017,1285,716,0.5571984435797666,0.5109354853630066,0.5231378674507141,0.6491361260414124,0.6707973480224609,0.700705885887146,296418,1285,2897,1285,0,bbox_noncontour_background,1285
validation,validation_018,3413,3183,0.9326106065045414,0.640575647354126,0.6621325016021729,0.7066541910171509,0.7153871059417725,0.7313436269760132,815356,3413,5461,3413,0,bbox_noncontour_background,3413
