split,video_alias,target,total_point_count,valid_point_count,valid_positive_count,valid_background_count,valid_ratio,valid_positive_ratio,valid_background_ratio,true_positive_count,false_positive_count,true_negative_count,false_negative_count,predicted_positive_count,predicted_background_count,precision,recall,f1,iou_femur,iou_background,mean_iou,false_positive_rate,false_negative_rate,ignore_point_count,ignore_predicted_positive_count,ignore_predicted_positive_ratio,ignore_mean_prob_femur
train_sanity,train_sanity_fixed_001,canonical_v6,188301,188195,1661,186534,0.9994370714972305,0.008825951805308324,0.9911740481946917,639,25616,160918,1022,26255,161940,0.02433822129118263,0.3847080072245635,0.045780197736065335,0.023426329874986253,0.8579730853718356,0.44069970762341093,0.13732617110017475,0.6152919927754364,106,11,0.10377358490566038,0.3444567439409922
train_sanity,train_sanity_fixed_001,bbox_noncontour_as_background,188301,188301,1661,186640,1.0,0.008820983425473047,0.991179016574527,639,25627,161013,1022,26266,162035,0.024328028630168277,0.3847080072245635,0.045762165646148885,0.02341688654353562,0.857994692585606,0.4407057895645708,0.13730711530218603,0.6152919927754364,0,0,0.0,
train_sanity,train_sanity_random_001,canonical_v6,210739,207860,1859,206001,0.986338551478369,0.008943519676705475,0.9910564803232945,735,23905,182096,1124,24640,183220,0.029829545454545456,0.39537385691231847,0.055473791463828824,0.028528178854215182,0.8791599275799638,0.4538440532170895,0.1160431260042427,0.6046261430876816,2879,985,0.34213268496005556,0.3842841745310564
train_sanity,train_sanity_random_001,bbox_noncontour_as_background,210739,210739,1859,208880,1.0,0.008821338243039968,0.99117866175696,735,24890,183990,1124,25625,185114,0.028682926829268294,0.39537385691231847,0.053485664386552174,0.02747766271636323,0.8761261690253519,0.45180191587085755,0.11915932592876292,0.6046261430876816,0,0,0.0,
train_sanity,train_sanity_random_002,canonical_v6,233260,231279,6236,225043,0.991507330875418,0.026963105167351988,0.973036894832648,5031,30301,194742,1205,35332,195947,0.14239216574210348,0.8067671584348942,0.24206120092378752,0.13769603415715576,0.8607457303489976,0.4992208822530767,0.1346453788831468,0.19323284156510584,1981,1030,0.5199394245330641,0.4976895814484144
train_sanity,train_sanity_random_002,bbox_noncontour_as_background,233260,233260,6236,227024,1.0,0.026734116436594357,0.9732658835634056,5031,31331,195693,1205,36362,196898,0.1383587261426764,0.8067671584348942,0.23620827268885863,0.13392072829877286,0.857441429441482,0.49568107887012747,0.13800743533723306,0.19323284156510584,0,0,0.0,
validation,validation_001,canonical_v6,1033155,1026832,9640,1017192,0.9938799115331194,0.009388098539975381,0.9906119014600246,7770,142711,874481,1870,150481,876351,0.051634425608548584,0.8060165975103735,0.09705160472392753,0.0510006498152293,0.8581234507812086,0.45456205029821894,0.1402989799369244,0.19398340248962656,6323,1622,0.25652380199272495,0.3962435130028149
validation,validation_001,bbox_noncontour_as_background,1033155,1033155,9640,1023515,1.0,0.009330642546374938,0.990669357453625,7770,144333,879182,1870,152103,881052,0.05108380505315477,0.8060165975103735,0.0960783465126775,0.050463392932527135,0.8574164825894663,0.4539399377609967,0.14101698558399242,0.19398340248962656,0,0,0.0,
validation,validation_002,canonical_v6,195362,194526,3105,191421,0.9957207645294377,0.015961876561487925,0.984038123438512,1717,23291,168130,1388,25008,169518,0.06865802943058222,0.5529790660225443,0.12214989506633944,0.06504773450522806,0.8720028629368961,0.4685252987210621,0.12167421547270153,0.44702093397745574,836,262,0.3133971291866029,0.4008869422537288
validation,validation_002,bbox_noncontour_as_background,195362,195362,3105,192257,1.0,0.015893571933129267,0.9841064280668708,1717,23553,168704,1388,25270,170092,0.06794618124258013,0.5529790660225443,0.12102202643171805,0.0644084327406407,0.8712024581063286,0.4678054454234846,0.12250789308061605,0.44702093397745574,0,0,0.0,
validation,validation_003,canonical_v6,246663,245976,5483,240493,0.997214823463592,0.022290792597651803,0.9777092074023482,3452,45107,195386,2031,48559,197417,0.0710887785992298,0.6295823454313332,0.1277524888050035,0.06823482901759241,0.805635730896736,0.4369352799571642,0.18756055269799954,0.37041765456866677,687,190,0.2765647743813683,0.4009090225107892
validation,validation_003,bbox_noncontour_as_background,246663,246663,5483,241180,1.0,0.022228708805130885,0.9777712911948692,3452,45297,195883,2031,48749,197914,0.07081170895813248,0.6295823454313332,0.12730491222894233,0.06797951949586452,0.8054035384912689,0.4366915289935667,0.18781408076954972,0.37041765456866677,0,0,0.0,
validation,validation_004,canonical_v6,210499,209181,4307,204874,0.9937386875947154,0.02058982412360587,0.9794101758763941,843,21368,183506,3464,22211,186970,0.0379541668542614,0.1957278848386348,0.06357945546421298,0.032833495618305744,0.8808090698768347,0.4568212827475702,0.1042982516083056,0.8042721151613652,1318,22,0.01669195751138088,0.3108518593273322
validation,validation_004,bbox_noncontour_as_background,210499,210499,4307,206192,1.0,0.020460904802398112,0.9795390951976019,843,21390,184802,3464,22233,188266,0.03791661044393469,0.1957278848386348,0.06352675207234364,0.03280538584270538,0.8814534284733087,0.45712940715800704,0.10373826336618297,0.8042721151613652,0,0,0.0,
validation,validation_005,canonical_v6,206983,206705,3507,203198,0.9986568945275699,0.016966207880796304,0.9830337921192037,229,25906,177292,3278,26135,180570,0.008762196288502009,0.06529797547761619,0.015451049186964442,0.007785673001733927,0.858656696177764,0.43322118458974895,0.12749141231705036,0.9347020245223838,278,0,0.0,0.1428232898654269
validation,validation_005,bbox_noncontour_as_background,206983,206983,3507,203476,1.0,0.01694342047414522,0.9830565795258548,229,25906,177570,3278,26135,180848,0.008762196288502009,0.06529797547761619,0.015451049186964442,0.007785673001733927,0.8588467454075859,0.4333162092046599,0.12731722660166309,0.9347020245223838,0,0,0.0,
validation,validation_006,canonical_v6,333152,332240,5397,326843,0.9972625108058784,0.01624428124247532,0.9837557187575247,77,37824,289019,5320,37901,294339,0.002031608664679032,0.014267185473411154,0.003556746270035567,0.0017815413803475163,0.8701119631024528,0.4359467522414001,0.11572528706443155,0.9857328145265889,912,0,0.0,0.06308126618285059
validation,validation_006,bbox_noncontour_as_background,333152,333152,5397,327755,1.0,0.01619981269810777,0.9838001873018922,77,37824,289931,5320,37901,295251,0.002031608664679032,0.014267185473411154,0.003556746270035567,0.0017815413803475163,0.8704676123996097,0.4361245768899786,0.11540327378682247,0.9857328145265889,0,0,0.0,
validation,validation_007,canonical_v6,468949,468128,2297,465831,0.9982492765737853,0.00490677763346777,0.9950932223665322,949,40983,424848,1348,41932,426196,0.022631880186969378,0.41314758380496297,0.04291302086866083,0.021926987060998153,0.9093901909118346,0.4656585889864164,0.08797825820952233,0.586852416195037,821,66,0.08038976857490865,0.28011457748193835
validation,validation_007,bbox_noncontour_as_background,468949,468949,2297,466652,1.0,0.0048981872229176306,0.9951018127770823,949,41049,425603,1348,41998,426951,0.022596314110195723,0.41314758380496297,0.04284908003160628,0.021893600332210585,0.9094081196581196,0.4656508599951651,0.08796490746852044,0.586852416195037,0,0,0.0,
validation,validation_008,canonical_v6,287327,287279,4596,282683,0.999832942953499,0.0159983848453942,0.9840016151546058,14,29504,253179,4582,29518,257761,0.0004742868758045938,0.0030461270670147957,0.0008207773934455063,0.00041055718475073314,0.881343010808835,0.44087678399679286,0.10437132760017405,0.9969538729329852,48,2,0.041666666666666664,0.19885680126026273
validation,validation_008,bbox_noncontour_as_background,287327,287327,4596,282731,1.0,0.01599571220247314,0.9840042877975269,14,29506,253225,4582,29520,257807,0.0004742547425474255,0.0030461270670147957,0.0008207292765857662,0.0004105331065626649,0.8813558732114454,0.44088320315900403,0.10436068206174774,0.9969538729329852,0,0,0.0,
validation,validation_009,canonical_v6,611107,609942,6139,603803,0.998093623538922,0.010064891415905119,0.9899351085840948,3546,91156,512647,2593,94702,515240,0.03744377098688518,0.5776185046424499,0.07032853700379806,0.03644586052726245,0.8453997058028088,0.44092278316503564,0.15096976994152067,0.4223814953575501,1165,295,0.2532188841201717,0.4028792566208113
validation,validation_009,bbox_noncontour_as_background,611107,611107,6139,604968,1.0,0.01004570394382653,0.9899542960561735,3546,91451,513517,2593,94997,516110,0.03732749455245955,0.5776185046424499,0.0701233981964879,0.036335690132185676,0.8452106043672981,0.44077314724974187,0.15116667327858663,0.4223814953575501,0,0,0.0,
validation,validation_010,canonical_v6,520656,519819,3225,516594,0.9983924126486586,0.006204082574896262,0.9937959174251038,1200,87186,429408,2025,88386,431433,0.013576810807141402,0.37209302325581395,0.026197727347152634,0.013272721239672164,0.8279835486166145,0.4206281349281433,0.16877083357530284,0.627906976744186,837,282,0.33691756272401435,0.354762296358139
validation,validation_010,bbox_noncontour_as_background,520656,520656,3225,517431,1.0,0.0061941089702221815,0.9938058910297778,1200,87468,429963,2025,88668,431988,0.013533631073216944,0.37209302325581395,0.026117332114524505,0.013231451159405909,0.8277178432822029,0.4204746472208044,0.16904282889892566,0.627906976744186,0,0,0.0,
validation,validation_011,canonical_v6,426816,426785,3508,423277,0.9999273691707902,0.008219595346603091,0.9917804046533969,0,50684,372593,3508,50684,376101,0.0,0.0,0.0,0.0,0.8730227163560106,0.4365113581780053,0.11974191841276516,1.0,31,0,0.0,0.06535893378238525
validation,validation_011,bbox_noncontour_as_background,426816,426816,3508,423308,1.0,0.008218998350577298,0.9917810016494227,0,50684,372624,3508,50684,376132,0.0,0.0,0.0,0.0,0.8730319388214125,0.43651596941070625,0.11973314938531755,1.0,0,0,0.0,
validation,validation_012,canonical_v6,204088,203789,848,202941,0.9985349457096938,0.004161166696926723,0.9958388333030733,583,27505,175436,265,28088,175701,0.020756194816291654,0.6875,0.04029582526956041,0.020562198003738583,0.8633406493902739,0.44195142369700624,0.13553200191188572,0.3125,299,167,0.5585284280936454,0.43622141347631166
validation,validation_012,bbox_noncontour_as_background,204088,204088,848,203240,1.0,0.0041550703618047115,0.9958449296381953,583,27672,175568,265,28255,175833,0.020633516191824457,0.6875,0.04006459815139333,0.02044179523141655,0.8627208176703275,0.441581306450872,0.13615430033457981,0.3125,0,0,0.0,
validation,validation_013,canonical_v6,218858,218144,1840,216304,0.9967376106882088,0.008434795364529853,0.9915652046354702,1365,28033,188271,475,29398,188746,0.04643173004966324,0.7418478260869565,0.08739355912670464,0.0456934355438021,0.8684927968114993,0.4570931161776507,0.1296000073969968,0.25815217391304346,714,136,0.19047619047619047,0.32595098093778146
validation,validation_013,bbox_noncontour_as_background,218858,218858,1840,217018,1.0,0.008407277778285463,0.9915927222217146,1365,28169,188849,475,29534,189324,0.04621791833141464,0.7418478260869565,0.08701472556894245,0.04548635409377187,0.8682992096297352,0.4568927818617535,0.12980029306324822,0.25815217391304346,0,0,0.0,
validation,validation_014,canonical_v6,321316,321236,2147,319089,0.999751023914153,0.006683559750463834,0.9933164402495361,949,27979,291110,1198,28928,292308,0.03280558628318584,0.44201210992081974,0.06107803700724054,0.0315010290114851,0.9089035771042846,0.47020230305788485,0.08768400038860631,0.5579878900791803,80,8,0.1,0.32899569063447415
validation,validation_014,bbox_noncontour_as_background,321316,321316,2147,319169,1.0,0.006681895703917639,0.9933181042960824,949,27987,291182,1198,28936,292380,0.03279651645009676,0.44201210992081974,0.061062317022166454,0.031492666091458156,0.9089013537599067,0.4701970099256824,0.08768708740510513,0.5579878900791803,0,0,0.0,
validation,validation_015,canonical_v6,531517,526828,12519,514309,0.9911780808516002,0.023762973873825994,0.976237026126174,4968,49170,465139,7551,54138,472690,0.09176548819683032,0.3968368080517613,0.14906161393402043,0.08053299615814813,0.8913099298662477,0.4859214630121979,0.09560400459645856,0.6031631919482386,4689,470,0.10023459159735551,0.3106414350129046
validation,validation_015,bbox_noncontour_as_background,531517,531517,12519,518998,1.0,0.023553338839585564,0.9764466611604145,4968,49640,469358,7551,54608,476909,0.09097568121886904,0.3968368080517613,0.1480179361508782,0.0799240657024727,0.8913852272058251,0.4856546464541489,0.0956458406390776,0.6031631919482386,0,0,0.0,
validation,validation_016,canonical_v6,269638,269507,2815,266692,0.9995141634339374,0.01044499771805556,0.9895550022819445,1214,32907,233785,1601,34121,235386,0.03557926203804109,0.4312611012433393,0.06573532596924411,0.03398465931358827,0.8713794247334071,0.4526820420234977,0.12338952799484049,0.5687388987566607,131,8,0.061068702290076333,0.31618956874572596
validation,validation_016,bbox_noncontour_as_background,269638,269638,2815,266823,1.0,0.010439923156231688,0.9895600768437683,1214,32915,233908,1601,34129,235509,0.03557092208971842,0.4312611012433393,0.06572109138155045,0.0339770500979569,0.8714123923345155,0.4526947212162362,0.12335893082680278,0.5687388987566607,0,0,0.0,
validation,validation_017,canonical_v6,296418,295133,1612,293521,0.9956649056400083,0.0054619442759704945,0.9945380557240295,1456,18762,274759,156,20218,274915,0.0720150361064398,0.9032258064516129,0.13339441136051305,0.07146363011681554,0.935582289385958,0.5035229597513867,0.0639204690635423,0.0967741935483871,1285,716,0.5571984435797666,0.510935480683926
validation,validation_017,bbox_noncontour_as_background,296418,296418,1612,294806,1.0,0.005438266232145147,0.9945617337678548,1456,19478,275328,156,20934,275484,0.06955192509792682,0.9032258064516129,0.12915816552825332,0.06903745851114272,0.9334354933855886,0.5012364759483656,0.06607056844161924,0.0967741935483871,0,0,0.0,
validation,validation_018,canonical_v6,815356,811943,2048,809895,0.9958140983815659,0.0025223445488168506,0.9974776554511832,2044,84163,725732,4,86207,725736,0.023710371547554142,0.998046875,0.046320321794799155,0.02370927143867952,0.8960771651773863,0.4598932183080329,0.1039184091764982,0.001953125,3413,3183,0.9326106065045414,0.6405756234633688
validation,validation_018,bbox_noncontour_as_background,815356,815356,2048,813308,1.0,0.0025117862626877095,0.9974882137373123,2044,87346,725962,4,89390,725966,0.022866092404072044,0.998046875,0.044707889498895426,0.02286506924402085,0.8925996419578218,0.45773235560092135,0.10739596807113665,0.001953125,0,0,0.0,
